Source,Target,size,percent,log_ratio
I,I,901,0.02368621677751781,-0.06452490884558577
I,I+,12,0.0003154657062488499,1.8491607667692112
I,I6,44,0.001156707589579116,0.6917079780781679
I,I64,16,0.00042062094166513315,0.9841633292826066
I,I7,37,0.0009726859276006204,0.7966395853013684
I,I9,8,0.00021031047083256658,1.849160766769211
I,II,202,0.005310339388522306,0.16717196367653492
I,II7,24,0.0006309314124976998,0.1909326901656787
I,III,40,0.0010515523541628328,-2.161802186513839
I,III7,14,0.0003680433239569915,0.39387353416236914
I,IM7,81,0.002129393517179737,1.7662731069634434
I,IV,1207,0.03173059228686348,0.47097708752413303
I,IV6,3,7.886642656221247e-05,-1.9648818302987312
I,IV64,63,0.0016561949578064617,1.4924858228304785
I,IV7,1,2.6288808854070822e-05,-2.5452883879032275
I,IVM43,4,0.00010515523541628329,1.6260172154550012
I,IVM7,1,2.6288808854070822e-05,-2.6051865294842966
I,V,1362,0.03580535765924446,0.6643124056613559
I,V6,137,0.0036015668130077024,1.3397960636428952
I,V64,11,0.000289176897394779,1.3566842816714169
I,V7,36,0.0009463971187465496,-0.3874032251270407
I,VI,25,0.0006572202213517706,-2.746766837851948
I,VI6,3,7.886642656221247e-05,-0.27110276943087996
I,VI7,4,0.00010515523541628329,-0.6563651702215252
I,VII,47,0.0012355740161413286,-2.0839156478567675
I,VM7,8,0.00021031047083256658,1.1560135862092658
I,i,6,0.00015773285312442495,-4.306758335304301
I,ii,292,0.00767633218538868,0.46286640564932036
I,ii42,1,2.6288808854070822e-05,0.05740129754115607
I,ii7,68,0.0017876390020768159,0.5512155754806101
I,iiM7,1,2.6288808854070822e-05,-0.6357458830187892
I,iii,186,0.004889718446857173,0.51812908432437
I,iii64,5,0.0001314440442703541,1.849160766769211
I,iii7,4,0.00010515523541628329,-0.45342432622483464
I,iv,11,0.000289176897394779,-2.309722316590461
I,v,59,0.0015510397223901784,-0.43632989286553464
I,v7,14,0.0003680433239569915,0.4992340498201952
I,vi,634,0.016667104813480903,0.5959472463401119
I,vi7,83,0.002181971134887878,0.699656870804712
I,vii,4,0.00010515523541628329,-2.15817241846326
I,vii7,8,0.00021031047083256658,1.2205521073468368
I,‚ô≠II,7,0.00018402166197849576,-1.7996404637773147
I,‚ô≠II7,1,2.6288808854070822e-05,0.7505484781011014
I,‚ô≠III,28,0.000736086647913983,-0.7822140666740313
I,‚ô≠IV7,3,7.886642656221247e-05,1.8491607667692112
I,‚ô≠VI,18,0.0004731985593732748,-1.2544289026411934
I,‚ô≠VII,202,0.005310339388522306,0.7423315049988204
I,‚ô≠VII64,11,0.000289176897394779,0.258071993003307
I,‚ô≠ii¬∞,1,2.6288808854070822e-05,1.849160766769211
I,‚ô≠vi¬∞,2,5.2577617708141644e-05,1.1560135862092658
I,‚ôØI,3,7.886642656221247e-05,-1.471067552359277
I,‚ôØIV,1,2.6288808854070822e-05,-2.8329704603550088
I,‚ôØV,3,7.886642656221247e-05,-1.5955217268326831
I,‚ôØVI,2,5.2577617708141644e-05,-0.7157885906923258
I,‚ôØiii,28,0.000736086647913983,1.1038278330386955
I,‚ôØi¬∞7,5,0.0001314440442703541,1.3791571375234755
I,‚ôØvi,13,0.0003417545151029207,0.3032362600574365
I+,I,9,0.0002365992796866374,1.56147869431743
I+,IV,2,5.2577617708141644e-05,0.3005153304216813
I42,IV,6,0.00015773285312442495,2.0922747996497364
I43,vii,3,7.886642656221247e-05,5.172724153639984
I6,I,7,0.00018402166197849576,-1.14657150678478
I6,IV,73,0.00191908304634717,1.441091818188823
I6,V,4,0.00010515523541628329,-1.390554209314381
I6,i6,1,2.6288808854070822e-05,3.0597599199215044
I6,ii,36,0.0009463971187465496,2.145180052450979
I6,ii7,2,5.2577617708141644e-05,0.8004035614782792
I6,vi,13,0.0003417545151029207,0.484396159978253
I6,‚ô≠VII6,3,7.886642656221247e-05,4.3254262932527805
I6,‚ôØii¬∞,1,2.6288808854070822e-05,5.624709277383041
I64,I,16,0.00042062094166513315,0.9841633292826066
I64,II6,2,5.2577617708141644e-05,4.626180447271914
I64,II64,2,5.2577617708141644e-05,5.83015325159785
I64,IV,5,0.0001314440442703541,0.06412655235745104
I64,V,2,5.2577617708141644e-05,-0.7796451269914076
I64,V7,3,7.886642656221247e-05,2.2072948985817082
I64,‚ô≠VII64,6,0.00015773285312442495,4.73154096292974
I64,‚ô≠vi¬∞,1,2.6288808854070822e-05,5.5424711791460695
I64,‚ôØiv√∏7,1,2.6288808854070822e-05,6.235618359706015
I7,I7,7,0.00018402166197849576,3.1853836608235246
I7,II7,1,2.6288808854070822e-05,1.0666306989288006
I7,IV,79,0.002076815899471595,1.7982835580046908
I7,IV64,1,2.6288808854070822e-05,1.4031029355500135
I7,IVM7,2,5.2577617708141644e-05,2.141712490186716
I7,VI,6,0.00015773285312442495,-0.12013135438102597
I7,ii7,2,5.2577617708141644e-05,1.0786068899755163
I7,vi7,4,0.00010515523541628329,1.7208624632390723
I7,‚ô≠III,1,2.6288808854070822e-05,-0.06066673773816765
I7,‚ô≠VI7,1,2.6288808854070822e-05,3.705688028544059
I9,I7,3,7.886642656221247e-05,4.922083352868553
I9,IV,3,7.886642656221247e-05,1.11144554663801
II,I,271,0.007124267199453193,0.4610230871550311
II,II,82,0.0021556823260338075,0.9925579462688374
II,II64,3,7.886642656221247e-05,2.8829480189385195
II,II7,9,0.0002365992796866374,0.9370378698832063
II,III,30,0.0007886642656221247,-0.7225498262363657
II,IV,28,0.000736086647913983,-1.5657771906689404
II,V,143,0.0037592996661321276,0.13738198194105924
II,V6,1,2.6288808854070822e-05,-1.8532504294559757
II,V64,3,7.886642656221247e-05,1.7843357302704101
II,VI,189,0.004968584873419385,1.0030387850687477
II,VI6,1,2.6288808854070822e-05,0.3572193746302643
II,VI7,5,0.0001314440442703541,1.2937128138219387
II,VII7,1,2.6288808854070822e-05,0.39804136915051913
II,i,4,0.00010515523541628329,-2.985289010683212
II,ii,14,0.0003680433239569915,-0.8478956342744488
II,iii,96,0.002523725649990799,1.5836650348082588
II,iii7,21,0.0005520649859354872,2.9317381831079516
II,iv,3,7.886642656221247e-05,-1.8820708679914677
II,vi,66,0.0017350613843686742,0.060487466658565324
II,vi7,2,5.2577617708141644e-05,-1.2991021237026867
II,vii,43,0.0011304187807250454,1.943667768839666
II,‚ô≠II,9,0.0002365992796866374,0.17860839723284505
II,‚ôØVI,1,2.6288808854070822e-05,0.31799866147698275
II,‚ôØiv,43,0.0011304187807250454,2.090271243031541
II42,‚ô≠iii¬∞7,1,2.6288808854070822e-05,9.180057338872455
II6,I,8,0.00021031047083256658,0.932870034895056
II6,V,11,0.000289176897394779,1.5669568514194123
II6,iii,1,2.6288808854070822e-05,1.0138410702803122
II64,V,3,7.886642656221247e-05,1.4716466716150878
II64,‚ô≠III64,1,2.6288808854070822e-05,7.675979942096181
II64,‚ôØIV7,1,2.6288808854070822e-05,6.135534901149032
II64,‚ôØi¬∞7,1,2.6288808854070822e-05,6.695150689084454
II7,I,13,0.0003417545151029207,-0.4221717827207302
II7,II7,7,0.00018402166197849576,2.839698035144703
II7,IV,21,0.0005520649859354872,0.3005153304216813
II7,IV7,1,2.6288808854070822e-05,1.335620638368429
II7,V,53,0.0013933068692657535,1.2988038587756767
II7,V7,7,0.00018402166197849576,1.8558970117438194
II7,VII7,1,2.6288808854070822e-05,2.552015962692922
II7,i,1,2.6288808854070822e-05,-2.2176087782606992
II7,ii,6,0.00015773285312442495,0.45878109888075036
II7,v,3,7.886642656221247e-05,0.46565397816851234
II7,v6,3,7.886642656221247e-05,3.7841596439855545
II7,vi,4,0.00010515523541628329,-0.5888983207055668
II7,vi7,2,5.2577617708141644e-05,0.8548724698397161
II7,‚ô≠II7,1,2.6288808854070822e-05,4.631457504372758
II9,III,1,2.6288808854070822e-05,1.4802149314754691
II9,IV,3,7.886642656221247e-05,1.8045927271979554
III,I,8,0.00021031047083256658,-3.771240098947939
III,I7,1,2.6288808854070822e-05,-1.7969298015167074
III,II,30,0.0007886642656221247,-0.7225498262363657
III,II7,10,0.0002628880885407082,0.33281247863792734
III,II9,1,2.6288808854070822e-05,1.4802149314754691
III,III,81,0.002129393517179737,-0.4388839601291874
III,III64,1,2.6288808854070822e-05,0.22745196298010117
III,III7,12,0.0003154657062488499,1.2570713801612594
III,IIIM7,6,0.00015773285312442495,0.5978257512769953
III,IIM7,32,0.0008412418833302663,2.7487262569389763
III,IV,153,0.0040221877546728355,-0.5771296863548141
III,IV6,13,0.0003417545151029207,0.5188037643208445
III,V,29,0.0007623754567680539,-2.167752725235479
III,V7,13,0.0003417545151029207,-0.3886242802954652
III,VI,259,0.0068088014932043426,0.6085339248055378
III,VI6,6,0.00015773285312442495,1.4393929369552143
III,VI64,7,0.00018402166197849576,1.1235399875367367
III,VII,839,0.02205631062856542,1.815495982726529
III,VII6,67,0.0017613501932227452,2.496490933482943
III,VIIM7,2,5.2577617708141644e-05,2.8665092925953597
III,VIM7,6,0.00015773285312442495,-0.04221160396900144
III,i,213,0.005599516285917085,0.2801228870032175
III,i43,1,2.6288808854070822e-05,2.8665092925953597
III,i7,26,0.0006835090302058414,0.8828588155571994
III,ii,5,0.0001314440442703541,-2.5871009583587123
III,iii,4,0.00010515523541628329,-2.303974702442792
III,iv,115,0.0030232130182181447,1.0546630648005675
III,iv11,1,2.6288808854070822e-05,1.0747498233673045
III,iv7,1,2.6288808854070822e-05,-0.07792968657108064
III,v,55,0.0014458844869738952,0.5108143742873655
III,v7,4,0.00010515523541628329,0.2638196071509759
III,vi,28,0.000736086647913983,-1.5065486720957613
III,vi7,1,2.6288808854070822e-05,-2.701835211165737
III,vii,1,2.6288808854070822e-05,-2.527118253757002
III,vi¬∞7,3,7.886642656221247e-05,2.8665092925953597
III,‚ô≠II,5,0.0001314440442703541,-1.118764174572379
III,‚ô≠III7,1,2.6288808854070822e-05,1.76789700392725
III,‚ô≠IIM7,3,7.886642656221247e-05,1.3260642516482108
III,‚ô≠V,4,0.00010515523541628329,0.42416225722615525
III,‚ôØIV,2,5.2577617708141644e-05,-1.1224747539689146
III,‚ôØV,2,5.2577617708141644e-05,-0.9836383091146988
III,‚ôØV7,23,0.0006046426036436289,2.536267605724783
III,‚ôØVI,1,2.6288808854070822e-05,-0.3915872454261224
III,‚ôØVII,4,0.00010515523541628329,1.1617612003569346
III,‚ôØVII+,3,7.886642656221247e-05,2.8665092925953597
III,‚ôØi,34,0.0008938195010384079,1.3624318958190857
III,‚ôØiv,56,0.001472173295827966,1.644836911170023
III,‚ôØiv7,6,0.00015773285312442495,1.9502185607212048
III6,VI,3,7.886642656221247e-05,1.4522652863727255
III6,iv,7,0.00018402166197849576,3.557588220091246
III6,vi,1,2.6288808854070822e-05,0.4631939523276501
III64,III,1,2.6288808854070822e-05,0.22745196298010117
III64,IV,1,2.6288808854070822e-05,-0.5467825299655222
III64,VI,4,0.00010515523541628329,1.498785302007618
III64,VII,3,7.886642656221247e-05,1.24268264270916
III64,i,1,2.6288808854070822e-05,-0.02038420092448007
III64,vi,3,7.886642656221247e-05,1.3206441841788719
III64,vii,1,2.6288808854070822e-05,2.5336668240247255
III7,IV,6,0.00015773285312442495,-0.21031029334430923
III7,VI,11,0.000289176897394779,1.055098981079256
III7,VI7,1,2.6288808854070822e-05,2.5801868396596186
III7,i,1,2.6288808854070822e-05,-1.4756714335313224
III7,vi,41,0.0010778411630169038,2.480316729608228
IIIM43,III,2,5.2577617708141644e-05,0.46861401979698925
IIIM43,IIIM43,2,5.2577617708141644e-05,5.077413973835659
IIIM43,IIIM7,15,0.00039433213281106234,6.12291643718982
IIIM43,VIM7,2,5.2577617708141644e-05,3.467976061401559
IIIM43,i,1,2.6288808854070822e-05,-0.4723693246675373
IIIM7,I,1,2.6288808854070822e-05,-2.2112822437772084
IIIM7,IIIM43,8,0.00021031047083256658,5.494307777767446
IIIM7,IIIM7,1,2.6288808854070822e-05,2.445465678899507
IIIM7,IV7,24,0.0006309314124976998,5.289513365121433
IIIM7,i,6,0.00015773285312442495,0.34998958737241415
IIIM7,‚ôØiv,6,0.00015773285312442495,3.050644086513495
IIIM7,‚ôØvi√∏7,12,0.0003154657062488499,5.140667737523868
IIM7,VI,36,0.0009463971187465496,2.751548270502986
IM7,I,6,0.00015773285312442495,-0.8364165784809403
IM7,I7,4,0.00010515523541628329,2.811870152521963
IM7,III,6,0.00015773285312442495,0.18093194734520837
IM7,IV,45,0.001182996398433187,1.4216004749418496
IM7,ii,11,0.000289176897394779,1.4238619949243374
IM7,vi,15,0.00039433213281106234,1.0918026117500241
IM7,vi7,1,2.6288808854070822e-05,0.5206703817530424
IV,I,1782,0.0468466573779542,0.8605754744573562
IV,I6,49,0.0012881516338494703,1.0424526751510585
IV,I7,18,0.0004731985593732748,0.3192074634338339
IV,II,11,0.000289176897394779,-2.500086428045774
IV,II7,27,0.0007097978390599122,0.5518297587025874
IV,III,38,0.0009989747364546912,-1.969981448020864
IV,III6,3,7.886642656221247e-05,0.7929918155194756
IV,III7,1,2.6288808854070822e-05,-2.0020697625723645
IV,IM7,3,7.886642656221247e-05,-1.2864497261603602
IV,IV,267,0.007019111964036909,-0.7945534422926236
IV,IV+,5,0.0001314440442703541,2.0922747996497364
IV,IV6,24,0.0006309314124976998,0.3576737442616301
IV,IV7,22,0.000578353794789558,0.7888680983356136
IV,IVM7,2,5.2577617708141644e-05,-1.6689253160438262
IV,V,1055,0.027734693341044718,0.6520129977425904
IV,V6,48,0.0012618628249953996,0.5341301816031866
IV,V7,27,0.0007097978390599122,-0.4319712646982962
IV,VI,81,0.002129393517179737,-1.3280794751671843
IV,VI7,5,0.0001314440442703541,-0.1901075860267901
IV,VII,100,0.0026288808854070824,-1.0857790306982094
IV,VII64,3,7.886642656221247e-05,0.48283688721563606
IV,i,223,0.005862404374457794,-0.44823200019171205
IV,i7,17,0.00044690975051920397,-0.31625887135368985
IV,i9,6,0.00015773285312442495,0.7059804385298458
IV,ii,161,0.004232498225505402,0.11063100124602696
IV,ii7,42,0.0011041299718709745,0.312491521468397
IV,iii,65,0.0017087725755146035,-0.2901162866126688
IV,iii7,3,7.886642656221247e-05,-0.49799236579609024
IV,iii¬∞,1,2.6288808854070822e-05,2.0922747996497364
IV,iv,79,0.002076815899471595,-0.09505570404128447
IV,iv7,1,2.6288808854070822e-05,-0.852164179516704
IV,iv¬∞,4,0.00010515523541628329,2.0922747996497364
IV,v,56,0.001472173295827966,-0.24540161315557946
IV,vi,322,0.008464996451010804,0.1615638703278194
IV,vi64,3,7.886642656221247e-05,2.0922747996497364
IV,vi7,33,0.0008675306921843371,0.020437857355119778
IV,vii,1,2.6288808854070822e-05,-3.301352746702625
IV,‚ô≠III,36,0.0009463971187465496,-0.28778560551259996
IV,‚ô≠VI,27,0.0007097978390599122,-0.6058497616525039
IV,‚ô≠VI7,2,5.2577617708141644e-05,0.5881974028734623
IV,‚ô≠VII,64,0.0016824837666605326,-0.16393907616218717
IV,‚ô≠VII64,15,0.00039433213281106234,0.811340954187672
IV,‚ô≠iv,2,5.2577617708141644e-05,0.1463646505944231
IV,‚ôØV,1,2.6288808854070822e-05,-2.4510199826202674
IV,‚ôØV7,1,2.6288808854070822e-05,-1.3734611031499904
IV,‚ôØiv,3,7.886642656221247e-05,-2.05613698384264
IV,‚ôØiv¬∞,3,7.886642656221247e-05,2.0922747996497364
IV,‚ôØvi,8,0.00021031047083256658,0.060842477156260975
IV,‚ôØvi7,1,2.6288808854070822e-05,1.3991276190897908
IV+,IV,5,0.0001314440442703541,2.0922747996497364
IV6,I,13,0.0003417545151029207,-0.49854476150530413
IV6,III,4,0.00010515523541628329,-0.6598512320208016
IV6,IV,1,2.6288808854070822e-05,-2.8203800860863155
IV6,IV6,2,5.2577617708141644e-05,1.434189109080187
IV6,V,9,0.0002365992796866374,-0.5506364562247998
IV6,V65,4,0.00010515523541628329,4.7374060823821385
IV6,V7,5,0.0001314440442703541,1.4430517963380323
IV6,VI,12,0.0003154657062488499,0.32380003455493456
IV6,i,3,7.886642656221247e-05,-1.1953694683771638
IV6,v,52,0.0013670180604116828,3.241912429297256
IV6,‚ô≠VI,3,7.886642656221247e-05,0.7583476756178342
IV6,‚ô≠VII,27,0.0007097978390599122,2.5344367210890275
IV6,‚ôØv¬∞,1,2.6288808854070822e-05,3.4564722369200744
IV64,I,55,0.0014458844869738952,1.3566842816714169
IV64,I6,1,2.6288808854070822e-05,1.1248996070527761
IV64,I7,1,2.6288808854070822e-05,1.4031029355500135
IV64,IV64,1,2.6288808854070822e-05,1.5667323593318156
IV64,V,5,0.0001314440442703541,-0.7255779057211319
IV64,V6,5,0.0001314440442703541,2.2466343131417403
IV64,ii,4,0.00010515523541628329,0.3897882273937987
IV64,iii,7,0.00018402166197849576,1.4556738225593517
IV64,vi,1,2.6288808854070822e-05,-1.6387204452042445
IV64,vii√∏7,2,5.2577617708141644e-05,5.3733948491021355
IV64,‚ô≠VII,6,0.00015773285312442495,1.4432045397185402
IV7,I,2,5.2577617708141644e-05,-1.8521412073432824
IV7,II,2,5.2577617708141644e-05,-0.12520677461402843
IV7,III,3,7.886642656221247e-05,-0.4293275734089692
IV7,V7,20,0.0005257761770814164,3.3475518885215365
IV7,VI,3,7.886642656221247e-05,-0.5442885955013429
IV7,VII,10,0.0002628880885407082,0.6912636219779157
IV7,VII9,12,0.0003154657062488499,6.09185983764637
IV7,i,1,2.6288808854070822e-05,-1.7757760259816602
IV7,ii,2,5.2577617708141644e-05,-0.19799843750832005
IV7,iv7,2,5.2577617708141644e-05,3.920610746713412
IV7,vi,2,5.2577617708141644e-05,-0.8402127489864727
IV7,‚ô≠VII,9,0.0002365992796866374,1.954030163484531
IV7,‚ô≠VII7,10,0.0002628880885407082,5.835430308698694
IV7,‚ôØvi,3,7.886642656221247e-05,3.1596409698147054
IVM43,I,4,0.00010515523541628329,1.6260172154550012
IVM43,ii7,1,2.6288808854070822e-05,3.4394608910935376
IVM7,I,47,0.0012355740161413286,1.2449610722257618
IVM7,IV,6,0.00015773285312442495,-0.5703130273757164
IVM7,ii,1,2.6288808854070822e-05,-0.9510437596493345
IVM7,ii7,1,2.6288808854070822e-05,0.5945515072741303
IVM7,iii,21,0.0005520649859354872,2.5997484853042185
IVM7,iv,1,2.6288808854070822e-05,-0.44477395241920453
IVM7,vi,2,5.2577617708141644e-05,-0.9001108905675419
IVM7,‚ô≠VII,1,2.6288808854070822e-05,-0.3030925554327576
IVM7,‚ô≠iv,6,0.00015773285312442495,5.264706543351634
IVM9,I6,1,2.6288808854070822e-05,3.226814004584671
IVM9,IV,2,5.2577617708141644e-05,0.3875267074113111
IVM9,‚ô≠VII64,8,0.00021031047083256658,6.258913922309537
V,I,1574,0.041378585136307475,0.8089783479292467
V,I6,9,0.0002365992796866374,-0.5796239930980522
V,I64,3,7.886642656221247e-05,-0.3741800188832431
V,I7,1,2.6288808854070822e-05,-2.498645241937034
V,II,376,0.00988459212913063,1.1041264950710465
V,II6,2,5.2577617708141644e-05,-0.1377912408190129
V,II7,4,0.00010515523541628329,-1.2851936936565547
V,III,17,0.00044690975051920397,-2.701835211165737
V,III6,1,2.6288808854070822e-05,-0.23310142062333775
V,III64,3,7.886642656221247e-05,0.624348811227884
V,III7,11,0.000289176897394779,0.4683445627513026
V,IM7,2,5.2577617708141644e-05,-1.6193957817432283
V,IV,724,0.019033097610347275,0.2755083442181398
V,IV64,8,0.00021031047083256658,-0.2555742764753963
V,IVM7,26,0.0006835090302058414,0.9685430939430072
V,V,157,0.004127342990089119,-1.180518190293972
V,V7,67,0.0017613501932227452,0.5494035412136373
V,VI,101,0.002655169694261153,-1.0348890604730674
V,VI7,8,0.00021031047083256658,0.352415095744242
V,VII,13,0.0003417545151029207,-3.0534808066994676
V,i,199,0.005231472961960093,-0.48957989440204197
V,i42,4,0.00010515523541628329,1.941650300860823
V,ii,173,0.004547963931754252,0.2550372832846393
V,ii7,14,0.0003680433239569915,-0.7136017146744162
V,iii,127,0.0033386787244669945,0.4522025824755817
V,iv,1,2.6288808854070822e-05,-4.39198450398301
V,iv7,9,0.0002365992796866374,1.4175794503448116
V,v,4,0.00010515523541628329,-2.8119398902455415
V,vi,629,0.016535660769210547,0.9036626340091481
V,vi42,2,5.2577617708141644e-05,-0.7255779057211319
V,vi7,56,0.001472173295827966,0.6218010391490852
V,vii,36,0.0009463971187465496,0.35468524427878123
V,vi¬∞,2,5.2577617708141644e-05,2.1647938521750327
V,‚ô≠III,10,0.0002628880885407082,-1.496200398449368
V,‚ô≠VI,8,0.00021031047083256658,-1.7497260334517006
V,‚ô≠VII,18,0.0004731985593732748,-1.3599313491003981
V,‚ô≠ii√∏7,1,2.6288808854070822e-05,0.778499491055142
V,‚ô≠vii¬∞,1,2.6288808854070822e-05,1.4716466716150873
V,‚ôØI7,1,2.6288808854070822e-05,-1.3317137092914475
V,‚ôØIV,2,5.2577617708141644e-05,-1.8241901943892416
V,‚ôØVI,1,2.6288808854070822e-05,-1.0933026858464494
V,‚ôØiii,1,2.6288808854070822e-05,-1.9127435917306868
V,‚ôØiv,2,5.2577617708141644e-05,-2.389083039425508
V,‚ôØvi,1,2.6288808854070822e-05,-1.9460800119982784
V,‚ôØv¬∞,7,0.00018402166197849576,1.9134794238941268
V+,I,4,0.00010515523541628329,0.1909326901656787
V+,V+,2,5.2577617708141644e-05,5.170454005105445
V+,V7,2,5.2577617708141644e-05,2.3948935124765063
V+,i7,5,0.0001314440442703541,3.8895201596433804
V+,‚ô≠VI,2,5.2577617708141644e-05,2.221015015522299
V+,‚ôØVM7,2,5.2577617708141644e-05,4.659628381339455
V+,‚ôØvii7,1,2.6288808854070822e-05,7.5218292622689225
V+,‚ôØvii√∏7,3,7.886642656221247e-05,7.234147189817142
V+7,i,1,2.6288808854070822e-05,2.6186731286907783
V43,I,1,2.6288808854070822e-05,1.849160766769211
V6,I,57,0.0014984621046820368,0.46286640564932024
V6,II,6,0.00015773285312442495,-0.06149096022792073
V6,IV,35,0.0009201083098924788,0.21827723218470918
V6,IVM7,8,0.00021031047083256658,2.762100316464233
V6,V,3,7.886642656221247e-05,-2.1659394881112983
V6,V6,2,5.2577617708141644e-05,0.40080762264340936
V6,VI,1,2.6288808854070822e-05,-2.6777973584514547
V6,i,4,0.00010515523541628329,-1.4243781391437718
V6,ii,2,5.2577617708141644e-05,-1.232894911790322
V6,vi,57,0.0014984621046820368,1.47479486400613
V6,vi7,51,0.001340729251557612,3.500487200001134
V64,II,1,2.6288808854070822e-05,0.6857234416023003
V64,V,3,7.886642656221247e-05,0.37303438294697794
V64,ii,8,0.00021031047083256658,2.6923733203878446
V64,‚ô≠iii¬∞7,3,7.886642656221247e-05,7.3882978696444
V64,‚ô≠ii√∏7,3,7.886642656221247e-05,7.3882978696444
V65,I,4,0.00010515523541628329,0.932870034895056
V65,II,2,5.2577617708141644e-05,1.9666572870643646
V65,‚ô≠VII,3,7.886642656221247e-05,2.9472819364948144
V65,‚ôØVI,1,2.6288808854070822e-05,5.005670068976817
V7,I,133,0.003496411577591419,0.9194269646386031
V7,I64,1,2.6288808854070822e-05,1.1086826099135982
V7,I7,2,5.2577617708141644e-05,0.7759768560878623
V7,II,2,5.2577617708141644e-05,-1.5508405502939513
V7,III,8,0.00021031047083256658,-0.8741320960771659
V7,III7,1,2.6288808854070822e-05,0.6519242074178834
V7,IM7,1,2.6288808854070822e-05,0.2689319551617776
V7,IV,26,0.0006835090302058414,-0.4697115926811431
V7,IV6,3,7.886642656221247e-05,0.9322261725720418
V7,IV7,4,0.00010515523541628329,1.738113976087436
V7,V,13,0.0003417545151029207,-1.0903397207157919
V7,V+,2,5.2577617708141644e-05,2.3948935124765063
V7,V7,7,0.00018402166197849576,0.8720959883429358
V7,VI64,3,7.886642656221247e-05,2.1560016041941577
V7,VII,7,0.00018402166197849576,-1.0910450976407395
V7,i,62,0.001629906148952391,0.9257245833835084
V7,i7,3,7.886642656221247e-05,0.6031340432484514
V7,ii,5,0.0001314440442703541,-0.7073414813140881
V7,ii7,6,0.00015773285312442495,1.0205753424033317
V7,iii,2,5.2577617708141644e-05,-1.117362405958113
V7,iii7,9,0.0002365992796866374,3.254613892862267
V7,iv,5,0.0001314440442703541,-0.201071674083958
V7,vi,4,0.00010515523541628329,-1.5726993441064505
V7,vi7,1,2.6288808854070822e-05,-0.8220757341211129
V7,‚ô≠VI,2,5.2577617708141644e-05,-0.55454547710664
V7,‚ô≠vi¬∞,1,2.6288808854070822e-05,3.3599744085200935
V7,‚ôØI,1,2.6288808854070822e-05,0.32742816184338613
V7,‚ôØVM7,17,0.00044690975051920397,4.0241340522067865
V7,‚ôØvii√∏7,1,2.6288808854070822e-05,3.3599744085200935
VI,I,15,0.00039433213281106234,-3.2575924616179384
VI,II,49,0.0012881516338494703,-0.346887931880268
VI,III,695,0.018270722153579222,1.5956177086707923
VI,III6,7,0.00018402166197849576,2.299563146759929
VI,III64,3,7.886642656221247e-05,1.2111032295558373
VI,IV,35,0.0009201083098924788,-2.1671805683502097
VI,IVM7,4,0.00010515523541628329,-0.31650466463063104
VI,V,192,0.005047451299981598,-0.39251420528654524
VI,V6,3,7.886642656221247e-05,-1.579185069783345
VI,V7,7,0.00018402166197849576,-1.1226245107940624
VI,VI,77,0.002024238281763453,-0.7194497371326898
VI,VI6,1,2.6288808854070822e-05,-0.46732755436521467
VI,VI7,5,0.0001314440442703541,0.4691658848264597
VI,VII,410,0.010778411630169037,0.9844814138653026
VI,VII6,3,7.886642656221247e-05,-0.7245504193322871
VI,VII64,11,0.000289176897394779,2.4413933421991465
VI,VII7,5,0.0001314440442703541,1.1829323525891406
VI,VIM7,1,2.6288808854070822e-05,-1.9489320952894302
VI,i,453,0.011908830410894083,0.919761824684453
VI,i7,28,0.000736086647913983,0.8420057656185478
VI,ii,38,0.0009989747364546912,-0.6739137331588007
VI,ii7,1,2.6288808854070822e-05,-2.7659046259617215
VI,iv,101,0.002655169694261153,0.8098904311862033
VI,v,31,0.0008149530744761955,-0.17749262855233272
VI,v7,2,5.2577617708141644e-05,-0.5442885955013431
VI,vi,25,0.0006572202213517706,-1.7348383794951383
VI,vii,98,0.0025763032676989405,1.9428882028211962
VI,vii7,2,5.2577617708141644e-05,0.7366452499607214
VI,vii√∏7,2,5.2577617708141644e-05,2.0584010899430405
VI,‚ô≠II,11,0.000289176897394779,-0.44526783630048256
VI,‚ô≠III,2,5.2577617708141644e-05,-2.518883892555515
VI,‚ô≠IV,8,0.00021031047083256658,2.751548270502986
VI,‚ô≠V,2,5.2577617708141644e-05,-0.3839459454261637
VI,‚ô≠VI,2,5.2577617708141644e-05,-2.549265976243638
VI,‚ô≠VII,2,5.2577617708141644e-05,-2.970401508108664
VI,‚ô≠vi,1,2.6288808854070822e-05,0.5543236931667667
VI,‚ô≠vii¬∞,1,2.6288808854070822e-05,2.0584010899430405
VI,‚ôØI,44,0.001156707589579116,2.116897296624649
VI,‚ôØIII+,3,7.886642656221247e-05,2.751548270502986
VI,‚ôØIV7,4,0.00010515523541628329,1.498785302007618
VI,‚ôØV,1,2.6288808854070822e-05,-1.7917465117670177
VI,‚ôØi,14,0.0003680433239569915,0.36016767872580924
VI,‚ôØi64,2,5.2577617708141644e-05,2.3460831623948217
VI,‚ôØiv,49,0.0012881516338494703,1.3963444964531266
VI,‚ôØv,7,0.00018402166197849576,1.8642450755020834
VI+,I,4,0.00010515523541628329,1.4436956586610468
VI+,IV,2,5.2577617708141644e-05,0.9936625109816266
VI6,II,10,0.0002628880885407082,2.6598044676243098
VI6,V,12,0.0003154657062488499,1.4308246770948325
VI6,ii,3,7.886642656221247e-05,1.3830400004040821
VI64,II,2,5.2577617708141644e-05,0.5803629259444739
VI64,III,4,0.00010515523541628329,0.5639241996013139
VI64,V7,4,0.00010515523541628329,2.4436836766459384
VI64,VI64,3,7.886642656221247e-05,4.2872050804325825
VI64,VII6,12,0.0003154657062488499,4.787667917163027
VI64,i,8,0.00021031047083256658,1.0092352162566782
VI64,iv64,6,0.00015773285312442495,5.533737499177315
VI7,II,14,0.0003680433239569915,2.323332231003097
VI7,II7,3,7.886642656221247e-05,2.936861783598351
VI7,IV,2,5.2577617708141644e-05,-1.1063983179009451
VI7,V,8,0.00021031047083256658,0.352415095744242
VI7,V7,1,2.6288808854070822e-05,0.8544484715293573
VI7,VII,1,2.6288808854070822e-05,-1.108692614454318
VI7,i,1,2.6288808854070822e-05,-1.2731471694198482
VI7,ii,14,0.0003680433239569915,2.2505405681088053
VI7,ii7,3,7.886642656221247e-05,2.255690794085121
VI7,‚ôØiv7,2,5.2577617708141644e-05,4.659628381339455
VII,I,43,0.0011304187807250454,-2.1728631338732636
VII,I7,3,7.886642656221247e-05,-0.7816991217876487
VII,II7,1,2.6288808854070822e-05,-2.053154223295169
VII,III,310,0.008149530744761956,0.8198575737385148
VII,III64,3,7.886642656221247e-05,1.24268264270916
VII,III7,1,2.6288808854070822e-05,-1.311216878565792
VII,IV,262,0.0068876679197665555,-0.12260471292520389
VII,IV6,52,0.0013670180604116828,1.821716516501684
VII,V,10,0.0002628880885407082,-3.3158450711669585
VII,V6,1,2.6288808854070822e-05,-2.6462179452981323
VII,V7,8,0.00021031047083256658,-0.957513705016217
VII,VI,567,0.014905754620258156,1.3086835578947011
VII,VII,96,0.002523725649990799,-0.43574814121189204
VII,i,736,0.019348563316596123,1.4366792310836178
VII,i7,24,0.0006309314124976998,0.7194344989446122
VII,i9,3,7.886642656221247e-05,0.7036861419764728
VII,ii,33,0.0008675306921843371,-0.7834129182653835
VII,ii7,3,7.886642656221247e-05,-1.635712924140289
VII,iv,93,0.0024448592234285866,0.7589488206515225
VII,iv11,3,7.886642656221247e-05,2.0899805030963634
VII,v,39,0.0010252635453087621,0.0836612262454902
VII,v7,1,2.6288808854070822e-05,-1.2058563629079657
VII,vii¬∞,3,7.886642656221247e-05,2.272302059890318
VII,‚ô≠II,2,5.2577617708141644e-05,-2.1184365153855853
VII,‚ô≠III64,1,2.6288808854070822e-05,1.684515394988199
VII,‚ô≠VII,6,0.00015773285312442495,-1.8402098062872319
VII,‚ôØI,1,2.6288808854070822e-05,-1.6357129241402892
VII,‚ôØI7,3,7.886642656221247e-05,0.3852324108579382
VII,‚ôØIV,1,2.6288808854070822e-05,-1.899003543467911
VII,‚ôØVI,3,7.886642656221247e-05,0.6236434343029365
VII,‚ôØVI7,4,0.00010515523541628329,1.3362087007199832
VII,‚ôØi,61,0.00160361734009832,1.8635636264371844
VII,‚ôØiv,4,0.00010515523541628329,-1.0776020273842868
VII,‚ôØiv¬∞7,3,7.886642656221247e-05,2.783127683656309
VII6,V7,10,0.0002628880885407082,2.474142884130647
VII6,VI,3,7.886642656221247e-05,-0.7245504193322871
VII6,VI64,11,0.000289176897394779,4.700656540173397
VII6,VII,1,2.6288808854070822e-05,-1.7915832948470742
VII6,i,58,0.0015247509135361077,2.104405160733815
VII6,i7,8,0.00021031047083256658,2.8293352481091563
VII6,iv64,3,7.886642656221247e-05,3.954758794227923
VII6,‚ôØi,1,2.6288808854070822e-05,0.9612028000965274
VII64,III,2,5.2577617708141644e-05,0.851606272053095
VII64,VI,1,2.6288808854070822e-05,0.04349806940077612
VII64,VII,1,2.6288808854070822e-05,0.07507748255409856
VII64,VII64,1,2.6288808854070822e-05,5.150251297787926
VII64,i,3,7.886642656221247e-05,1.0092352162566782
VII64,i7,7,0.00018402166197849576,4.562464632885806
VII65,III,4,0.00010515523541628329,2.306893504659937
VII65,i,3,7.886642656221247e-05,1.771375268303575
VII7,I,3,7.886642656221247e-05,-0.2302807749106248
VII7,I7,2,5.2577617708141644e-05,3.418005956092278
VII7,III,2,5.2577617708141644e-05,0.3816026428073593
VII7,III64,1,2.6288808854070822e-05,4.749240540029142
VII7,V7,4,0.00010515523541628329,2.954509300411929
VII7,iii,8,0.00021031047083256658,2.9109610551661937
VII7,iii7,1,2.6288808854070822e-05,3.6994184155304635
VII7,vi,1,2.6288808854070822e-05,-0.31696460522192516
VII7,‚ôØI7,2,5.2577617708141644e-05,4.584937488737865
VII9,IIIM7,12,0.0003154657062488499,6.4258659817723895
VII9,i7,1,2.6288808854070822e-05,2.7596553274711666
VIIM7,III,1,2.6288808854070822e-05,2.1733621120354143
VIIM7,i,1,2.6288808854070822e-05,1.925525948130833
VIIM9,i,2,5.2577617708141644e-05,0.421448551354559
VIIM9,i9,15,0.00039433213281106234,7.205976312850446
VIM7,I,2,5.2577617708141644e-05,-2.15817241846326
VIM7,III,43,0.0011304187807250454,1.927229042496506
VIM7,VI,1,2.6288808854070822e-05,-1.9489320952894302
VIM7,VII,3,7.886642656221247e-05,-0.8187403934679979
VIM7,i,52,0.0013670180604116828,1.8694364814797895
VIM7,i7,1,2.6288808854070822e-05,0.6241243191402871
VIM7,iv,6,0.00015773285312442495,1.1008524472699421
VIM7,v,2,5.2577617708141644e-05,0.19599041121940966
VM7,I,16,0.00042062094166513315,1.849160766769211
i,II,6,0.00015773285312442495,-2.5798239025750473
i,III,476,0.012513473014537712,1.0842485755252125
i,III7,3,7.886642656221247e-05,-0.37705914486321246
i,IIIM43,12,0.0003154657062488499,2.012537325120463
i,IV,101,0.002655169694261153,-1.2402832548105716
i,IV6,4,0.00010515523541628329,-0.907687395925383
i,IV7,7,0.00018402166197849576,0.17013412307365322
i,V,70,0.0018402166197849575,-1.5343894770771753
i,V65,3,7.886642656221247e-05,1.4147003243648426
i,V7,17,0.00044690975051920397,-0.3681964576053671
i,VI,676,0.017771234785351874,1.3200627752443828
i,VI64,10,0.0002628880885407082,1.2323787675708877
i,VII,570,0.014984621046820369,1.1810854731833376
i,VII6,15,0.00039433213281106234,0.7520123512896056
i,VII65,7,0.00018402166197849576,2.6186731286907787
i,VIM7,63,0.0016561949578064617,2.0613274892898947
i,i,288,0.0075711769499723965,0.3339550375251572
i,i42,1,2.6288808854070822e-05,1.0092352162566782
i,i6,6,0.00015773285312442495,1.8454832404572967
i,i7,14,0.0003680433239569915,0.015983443246394925
i,ii,4,0.00010515523541628329,-3.0580806735775035
i,iii,2,5.2577617708141644e-05,-3.2449580469073185
i,iv,114,0.0029969242093640736,0.7980932209272316
i,iv7,1,2.6288808854070822e-05,-0.3257658504756619
i,v,160,0.004206209416651331,1.3308188403841403
i,v7,12,0.0003154657062488499,1.1145957319145046
i,vi,5,0.0001314440442703541,-3.4771514337414464
i,vii,2,5.2577617708141644e-05,-2.081807237101638
i,‚ô≠II,15,0.00039433213281106234,-0.2679880498088505
i,‚ô≠III7,2,5.2577617708141644e-05,2.213208020582614
i,‚ô≠IIM7,1,2.6288808854070822e-05,-0.02038420092448007
i,‚ô≠VI,68,0.0017876390020768159,0.844219406560316
i,‚ô≠VII,5,0.0001314440442703541,-2.1869859180467164
i,‚ôØI,6,0.00015773285312442495,-0.008408009877764324
i,‚ôØV,7,0.00018402166197849576,0.021288495476088024
i,‚ôØVII,2,5.2577617708141644e-05,0.22077785589240803
i,‚ôØvi√∏7,32,0.0008412418833302663,2.2342614297804464
i,ùÑ™VI,13,0.0003417545151029207,1.7496352816671692
i42,IV6,4,0.00010515523541628329,5.430553262942084
i42,‚ôØvi√∏7,1,2.6288808854070822e-05,5.106766185848187
i43,IV,1,2.6288808854070822e-05,2.0922747996497364
i6,II7,1,2.6288808854070822e-05,3.1651204355793308
i6,VII,6,0.00015773285312442495,2.009937795422827
i6,i,6,0.00015773285312442495,1.8454832404572967
i7,III,51,0.001340729251557612,1.556587910260043
i7,IIIM7,24,0.0006309314124976998,4.4422155047342295
i7,IV,7,0.00018402166197849576,-1.2035620663545927
i7,IV7,8,0.00021031047083256658,3.0095970719401004
i7,VI,31,0.0008149530744761955,0.9437884599284901
i7,VII,12,0.0003154657062488499,0.02628731838466689
i7,i,8,0.00021031047083256658,-0.5436323446890279
i7,i7,11,0.000289176897394779,2.4807529426714314
i7,iv,5,0.0001314440442703541,0.3772642412087613
i7,iv64,12,0.0003154657062488499,4.674017118791554
i7,v6,13,0.0003417545151029207,4.845031604670817
i7,v7,1,2.6288808854070822e-05,1.335620638368429
i7,‚ô≠VI,2,5.2577617708141644e-05,0.023790438186079368
i7,‚ô≠VII,1,2.6288808854070822e-05,-1.090492274238892
i7,‚ôØvi√∏7,1,2.6288808854070822e-05,1.4744570832226447
i9,VIIM9,18,0.0004731985593732748,7.3882978696444
i9,ii7,6,0.00015773285312442495,3.6626044424077477
ii,I,213,0.005599516285917085,0.14740476909046363
ii,I6,17,0.00044690975051920397,1.394874458051085
ii,I7,1,2.6288808854070822e-05,-1.160135557507894
ii,II,5,0.0001314440442703541,-1.8775150514556072
ii,III,3,7.886642656221247e-05,-3.097926582124703
ii,IV,342,0.008990772628092222,0.8640373733241692
ii,IVM7,2,5.2577617708141644e-05,-0.2578965790893892
ii,V,239,0.006283025316122927,0.5782092407183711
ii,V7,36,0.0009463971187465496,1.2667395447079215
ii,VI,14,0.0003680433239569915,-1.6724425632699278
ii,VI7,3,7.886642656221247e-05,0.7100955271616564
ii,VII,64,0.0016824837666605326,-0.12103739637219192
ii,ii,22,0.000578353794789558,-0.4687021734256833
ii,ii7,8,0.00021031047083256658,0.06529218181930155
ii,iiM7,11,0.000289176897394779,3.4162921596145432
ii,iii,36,0.0009463971187465496,0.530044118902241
ii,iv,5,0.0001314440442703541,-1.4440369071197687
ii,v,20,0.0005257761770814164,0.1360077066176991
ii,v7,2,5.2577617708141644e-05,0.20746667059984428
ii,vi,69,0.0018139278109308868,0.032147566335107645
ii,‚ô≠II+,2,5.2577617708141644e-05,2.2505405681088053
ii,‚ô≠III,2,5.2577617708141644e-05,-1.7671286264543276
ii,‚ô≠VII,22,0.000578353794789558,0.17924903079089374
ii,‚ô≠iv,3,7.886642656221247e-05,1.9628584956570243
ii,‚ô≠vii,5,0.0001314440442703541,1.2841000525491786
ii,‚ôØI+,2,5.2577617708141644e-05,3.5033035366041734
ii,‚ôØIII,1,2.6288808854070822e-05,0.9383541791426366
ii,‚ôØVI,13,0.0003417545151029207,2.810156356044228
ii,‚ôØVI7,1,2.6288808854070822e-05,0.6700901925479572
ii,‚ôØi¬∞7,2,5.2577617708141644e-05,2.1170091754842826
ii,‚ôØvi¬∞,1,2.6288808854070822e-05,3.5033035366041734
ii42,V,6,0.00015773285312442495,2.164793852175033
ii7,I,39,0.0010252635453087621,-0.004730483565850057
ii7,I6,17,0.00044690975051920397,2.94046972497455
ii7,I7,2,5.2577617708141644e-05,1.0786068899755163
ii7,III7,2,5.2577617708141644e-05,1.6477014218654826
ii7,IV,31,0.0008149530744761955,0.008809107670174881
ii7,IV64,4,0.00010515523541628329,1.9353834943172636
ii7,V,50,0.0013144404427035412,0.5593639611384713
ii7,V65,3,7.886642656221247e-05,3.844925999201702
ii7,V7,28,0.000736086647913983,2.5610203833504803
ii7,VI7,6,0.00015773285312442495,2.9488379746450666
ii7,ii,2,5.2577617708141644e-05,-1.321002179300589
ii7,ii42,4,0.00010515523541628329,4.643433695419474
ii7,iii,22,0.000578353794789558,1.5831629007279115
ii7,iv,2,5.2577617708141644e-05,-0.814732372070459
ii7,v7,4,0.00010515523541628329,2.4462091180832544
ii7,vi,27,0.0007097978390599122,0.6394731946656421
ii7,‚ô≠II+,5,0.0001314440442703541,4.712426566906425
ii7,‚ô≠VII,1,2.6288808854070822e-05,-1.3661981556439575
ii9,V,1,2.6288808854070822e-05,2.1647938521750327
iiM7,ii,12,0.0003154657062488499,3.5033035366041734
iii,I,69,0.0018139278109308868,-0.4735110847915719
iii,II,120,0.0031546570624884987,1.8068085861224685
iii,II6,4,0.00010515523541628329,2.400135431400203
iii,II7,3,7.886642656221247e-05,0.27190372555093517
iii,III,2,5.2577617708141644e-05,-2.9971218830027375
iii,IV,187,0.004916007255711244,0.7666050603462807
iii,IVM7,10,0.0002628880885407082,1.8578111405748412
iii,V,61,0.00160361734009832,-0.28111063980969847
iii,V6,6,0.00015773285312442495,0.37198718410791765
iii,V7,6,0.00015773285312442495,-0.01875011729000319
iii,VI,11,0.000289176897394779,-1.4073348128566858
iii,VI7,9,0.0002365992796866374,2.314977623059896
iii,VII,4,0.00010515523541628329,-2.387356311381843
iii,VM7,8,0.00021031047083256658,3.316426163274358
iii,ii,40,0.0010515523541628328,0.6354046345600672
iii,ii7,35,0.0009201083098924788,2.0474685088590094
iii,iii,4,0.00010515523541628329,-1.1609106512038483
iii,iii7,1,2.6288808854070822e-05,0.32069388972036694
iii,vi,103,0.0027077473119692945,0.939039857197614
iii,vi7,2,5.2577617708141644e-05,-0.8656239793668482
iii,vii,4,0.00010515523541628329,0.0022401586018323647
iii,‚ô≠VII,6,0.00015773285312442495,-0.6137641461092371
iii,‚ôØiv,4,0.00010515523541628329,0.148843632793708
iii6,II7,1,2.6288808854070822e-05,4.343775431920977
iii6,‚ô≠VII64,3,7.886642656221247e-05,6.289685580976291
iii64,vi,5,0.0001314440442703541,2.8610892251260203
iii7,I,20,0.0005257761770814164,1.1560135862092658
iii7,IV,4,0.00010515523541628329,-0.21031029334430937
iii7,V,2,5.2577617708141644e-05,-0.8309384213789582
iii7,VI,1,2.6288808854070822e-05,-0.9373311836109504
iii7,iii9,1,2.6288808854070822e-05,6.877472245878409
iii7,vi7,12,0.0003154657062488499,3.794034391905313
iii9,I,1,2.6288808854070822e-05,1.849160766769211
iii¬∞,ii7,1,2.6288808854070822e-05,5.048898803527638
iii√∏7,I7,3,7.886642656221247e-05,5.615230533428497
iii√∏7,‚ô≠III,1,2.6288808854070822e-05,3.216477995254009
iv,I,84,0.002208259943741949,-0.2768007905455178
iv,III,100,0.0026288808854070824,0.9149011224254089
iv,IV,4,0.00010515523541628329,-3.0782091953884154
iv,V,14,0.0003680433239569915,-1.752927174367751
iv,V7,16,0.00042062094166513315,0.9620791357217229
iv,VI,108,0.002839191356239649,0.8769011414691634
iv,VI7,3,7.886642656221247e-05,1.2163653343917864
iv,VII,64,0.0016824837666605326,0.3852324108579382
iv,i,147,0.003864454901548411,1.0523273593114724
iv,i6,6,0.00015773285312442495,3.2363834556008215
iv,iii,2,5.2577617708141644e-05,-1.8540578317637937
iv,iv,19,0.0004994873682273456,0.3972339668427014
iv,iv64,2,5.2577617708141644e-05,1.567226308465099
iv,v,37,0.0009726859276006204,1.2574631529380627
iv,v42,1,2.6288808854070822e-05,4.009573343834304
iv,v7,2,5.2577617708141644e-05,0.7137364778299742
iv,vi,7,0.00018402166197849576,-1.7497789819767084
iv,‚ô≠II,29,0.0007623754567680539,1.7821577942189382
iv,‚ô≠III,19,0.0004994873682273456,0.9904329793822975
iv,‚ô≠vii,32,0.0008412418833302663,3.6466678501449348
iv,‚ô≠vii64,2,5.2577617708141644e-05,1.4446239863727666
iv,‚ôØIV,1,2.6288808854070822e-05,-0.6725578832899164
iv,‚ôØvi,1,2.6288808854070822e-05,-0.10130052033900791
iv11,VII,1,2.6288808854070822e-05,0.9913682144282537
iv11,i,3,7.886642656221247e-05,1.9255259481308333
iv11,iv11,2,5.2577617708141644e-05,7.675979942096181
iv64,III,3,7.886642656221247e-05,0.8296273653343197
iv64,VI6,12,0.0003154657062488499,6.696888308982996
iv64,‚ô≠II,6,0.00015773285312442495,3.627905573689412
iv64,‚ô≠vii,2,5.2577617708141644e-05,4.295363268134047
iv7,V,10,0.0002628880885407082,1.522939966002638
iv7,VI,1,2.6288808854070822e-05,-0.1928907086634544
iv7,‚ô≠III,1,2.6288808854070822e-05,1.658333377207459
iv7,‚ô≠III6,5,0.0001314440442703541,7.621912720825905
iv7,‚ô≠VII7,2,5.2577617708141644e-05,5.676002571770592
iv¬∞,I6,1,2.6288808854070822e-05,4.23841491626315
iv¬∞,IV,2,5.2577617708141644e-05,1.3991276190897908
iv¬∞,v7,1,2.6288808854070822e-05,5.191073292308181
v,I,9,0.0002365992796866374,-2.3166427594350347
v,I6,1,2.6288808854070822e-05,-0.7383188261574237
v,I7,2,5.2577617708141644e-05,0.23303168289975879
v,II,3,7.886642656221247e-05,-1.6883206153738903
v,III,81,0.002129393517179737,0.8979303437273335
v,III7,4,0.00010515523541628329,1.4952733953496706
v,IV,72,0.0018927942374930991,0.005912815125326578
v,IV7,2,5.2577617708141644e-05,0.5020216223393872
v,IVM7,17,0.00044690975051920397,2.582189644254589
v,V+7,1,2.6288808854070822e-05,4.203323596451881
v,V7,3,7.886642656221247e-05,-0.5181470452323713
v,VI,93,0.0024448592234285866,0.9211196601157771
v,VII,45,0.001182996398433187,0.22676206988616338
v,VIM7,5,0.0001314440442703541,1.1122811430935646
v,i,105,0.0027603249296774364,0.9096053753078369
v,i7,14,0.0003680433239569915,1.600633911007497
v,ii,10,0.0002628880885407082,-0.5571394739422462
v,iv,39,0.0010252635453087621,1.3101068864234848
v,v,11,0.000289176897394779,0.23819076570978606
v,‚ô≠III,16,0.00042062094166513315,1.0123329750732157
v,‚ô≠VI,1,2.6288808854070822e-05,-1.7906378308546886
v,‚ô≠VII,34,0.0008938195010384079,1.3145871618964466
v,‚ôØIV+,4,0.00010515523541628329,4.203323596451881
v,‚ôØVI7,3,7.886642656221247e-05,2.4687225410637743
v,ùÑ™VI,2,5.2577617708141644e-05,1.4624835725266798
v42,iv,1,2.6288808854070822e-05,4.009573343834304
v6,‚ô≠III,11,0.000289176897394779,3.956145191448847
v6,‚ô≠IIIM7,3,7.886642656221247e-05,7.5218292622689225
v6,‚ô≠VI,2,5.2577617708141644e-05,2.221015015522299
v6,‚ôØVI7,5,0.0001314440442703541,6.298053830646807
v7,I,7,0.00018402166197849576,-0.19391313073975008
v7,I43,3,7.886642656221247e-05,6.577367653428071
v7,I7,1,2.6288808854070822e-05,1.9139285593160043
v7,III,2,5.2577617708141644e-05,-0.4293275734089694
v7,IV,6,0.00015773285312442495,-0.10494977768648296
v7,VII,4,0.00010515523541628329,0.18043799821192497
v7,VIM7,1,2.6288808854070822e-05,1.8768872876356548
v7,i,8,0.00021031047083256658,0.7091306238063401
v7,ii,4,0.00010515523541628329,0.9006138511597895
v7,ii7,8,0.00021031047083256658,3.1393562986431998
v7,iv,1,2.6288808854070822e-05,0.020589297270028912
v7,v,1,2.6288808854070822e-05,0.21433954988760626
v7,vii7,5,0.0001314440442703541,5.478755364759961
v7,‚ô≠VII,1,2.6288808854070822e-05,0.16227069425647594
v7,‚ôØI,1,2.6288808854070822e-05,2.1585270456314736
vi,I,182,0.0047845632114408895,-0.6520950210203188
vi,I42,6,0.00015773285312442495,2.8610892251260207
vi,I64,12,0.0003154657062488499,1.7084097151876352
vi,I7,1,2.6288808854070822e-05,-1.8023498689860464
vi,II,76,0.0019979494729093824,0.20156606491847084
vi,II42,1,2.6288808854070822e-05,2.8610892251260207
vi,II6,12,0.0003154657062488499,2.35026360136003
vi,II7,25,0.0006572202213517706,1.2436831430427433
vi,III,56,0.001472173295827966,-0.813401491535816
vi,III64,3,7.886642656221247e-05,1.3206441841788719
vi,IV,665,0.017482057887957096,0.8867993654392653
vi,IV64,1,2.6288808854070822e-05,-1.6387204452042445
vi,IVM7,6,0.00015773285312442495,0.19850139810056788
vi,V,608,0.01598359578327506,0.8697062592748748
vi,V6,17,0.00044690975051920397,0.26495694022779587
vi,V7,1,2.6288808854070822e-05,-2.958993705226341
vi,VI,7,0.00018402166197849576,-3.007804055308026
vi,VII,8,0.00021031047083256658,-2.8426932495301807
vi,VII7,8,0.00021031047083256658,1.7624769364579107
vi,i,2,5.2577617708141644e-05,-4.3934421656156015
vi,ii,207,0.00544178343279266,1.1307598550032172
vi,ii7,14,0.0003680433239569915,-0.017306341723428344
vi,iii,116,0.0030495018270722154,1.0579010600743428
vi,iii6,4,0.00010515523541628329,2.8610892251260207
vi,iv,6,0.00015773285312442495,-1.9039296618039667
vi,v,5,0.0001314440442703541,-1.892500965980344
vi,v7,3,7.886642656221247e-05,-0.02928253277014393
vi,vi,85,0.00223454875259602,-0.40152199324998794
vi,vi42,34,0.0008938195010384079,2.803930811286072
vi,vi7,4,0.00010515523541628329,-1.3209609175151855
vi,viM7,3,7.886642656221247e-05,2.8610892251260207
vi,vii,2,5.2577617708141644e-05,-1.8393911406663956
vi,‚ô≠V,1,2.6288808854070822e-05,-0.9675521713630746
vi,‚ô≠VI+,3,7.886642656221247e-05,2.8610892251260207
vi,‚ô≠VII,20,0.0005257761770814164,-0.5582754604915839
vi,‚ô≠VII64,1,2.6288808854070822e-05,-1.1278948214382538
vi,‚ô≠VIIM7,1,2.6288808854070822e-05,1.7624769364579107
vi,‚ô≠iv,3,7.886642656221247e-05,1.3206441841788719
vi,‚ôØIII,1,2.6288808854070822e-05,0.2961398676644839
vi,‚ôØiv,1,2.6288808854070822e-05,-2.3859348470344655
vi,‚ôØv¬∞,1,2.6288808854070822e-05,0.6638646477898011
vi42,I,7,0.00018402166197849576,0.21155197736841433
vi42,IV,4,0.00010515523541628329,-0.10494977768648296
vi42,V7,2,5.2577617708141644e-05,1.8558970117438192
vi42,vi,23,0.0006046426036436289,2.41306450259906
vi64,ii7,3,7.886642656221247e-05,5.0488988035276385
vi7,I,41,0.0010778411630169038,-0.005611670287577992
vi7,I64,2,5.2577617708141644e-05,2.0535682170648086
vi7,I7,1,2.6288808854070822e-05,0.33456810211918175
vi7,II,5,0.0001314440442703541,-0.38281139182853163
vi7,II7,4,0.00010515523541628329,1.5480196503996615
vi7,II9,3,7.886642656221247e-05,4.710325123779468
vi7,IV,84,0.002208259943741949,0.9547470947319531
vi7,V,76,0.0019979494729093824,0.927182688700267
vi7,V6,8,0.00021031047083256658,1.648103108956644
vi7,VI,1,2.6288808854070822e-05,-2.8167962332581107
vi7,ii,4,0.00010515523541628329,-0.6787466060370329
vi7,ii7,28,0.000736086647913983,2.8127588099417453
vi7,ii9,1,2.6288808854070822e-05,4.9980071962312485
vi7,vi7,1,2.6288808854070822e-05,-0.570337307529848
vi7,vi9,3,7.886642656221247e-05,4.998007196231249
vi9,IV,3,7.886642656221247e-05,2.0922747996497364
viM7,vi7,3,7.886642656221247e-05,4.998007196231249
vii,I,41,0.0010778411630169038,0.1691052871211573
vii,II,6,0.00015773285312442495,-0.025772877625841552
vii,III,3,7.886642656221247e-05,-1.428505965088892
vii,IV,1,2.6288808854070822e-05,-3.301352746702625
vii,V,131,0.0034438339598832778,1.6463636290238228
vii,VI,24,0.0006309314124976998,0.5359745544985701
vii,iii,2,5.2577617708141644e-05,-0.6909070219581129
vii,vii6,3,7.886642656221247e-05,5.172724153639984
vii,‚ô≠I,1,2.6288808854070822e-05,5.172724153639984
vii,‚ôØi,2,5.2577617708141644e-05,0.8354334128074941
vii,‚ôØiv,2,5.2577617708141644e-05,0.6188472620394432
vii,‚ôØiv7,3,7.886642656221247e-05,3.563286241205884
vii6,‚ôØiii¬∞7,3,7.886642656221247e-05,9.467739411324237
vii7,I,1,2.6288808854070822e-05,-0.858889434332999
vii7,III7,8,0.00021031047083256658,5.843398478347871
vii7,IV,2,5.2577617708141644e-05,0.07737177910747162
vii7,ii7,2,5.2577617708141644e-05,3.0339957829853734
vii7,‚ôØi7,2,5.2577617708141644e-05,6.354224102113862
vii¬∞,V7,2,5.2577617708141644e-05,3.829978037765829
vii¬∞,VII,3,7.886642656221247e-05,2.272302059890318
vii√∏7,VII7,2,5.2577617708141644e-05,6.695150689084454
vii√∏7,‚ô≠VIIM7,2,5.2577617708141644e-05,8.774592230764291
vi¬∞,‚ôØvi,2,5.2577617708141644e-05,6.455477835819035
vi¬∞7,III,3,7.886642656221247e-05,2.8665092925953597
v¬∞7,IV,3,7.886642656221247e-05,2.0922747996497364
‚ô≠I,‚ô≠II,1,2.6288808854070822e-05,4.971640320390507
‚ô≠II,I,7,0.00018402166197849576,-1.7996404637773147
‚ô≠II,I7,1,2.6288808854070822e-05,0.3082012262784394
‚ô≠II,III,6,0.00015773285312442495,-0.9364426177784243
‚ô≠II,V,6,0.00015773285312442495,-1.6381580581987514
‚ô≠II,VI,11,0.000289176897394779,-0.44526783630048256
‚ô≠II,i,12,0.0003154657062488499,-0.4911316011230602
‚ô≠II,iv,55,0.0014458844869738952,2.422195149464935
‚ô≠II,‚ô≠II,39,0.0010252635453087621,3.040490586918314
‚ô≠II,‚ô≠III,61,0.00160361734009832,3.1189348409453714
‚ô≠II,‚ô≠V,2,5.2577617708141644e-05,1.8361461044613567
‚ô≠II,‚ô≠VI,55,0.0014458844869738952,2.9850120783164082
‚ô≠II,‚ô≠ii,11,0.000289176897394779,4.971640320390507
‚ô≠II,‚ôØIV,2,5.2577617708141644e-05,0.9826562738262322
‚ô≠II+,I,4,0.00010515523541628329,1.2895449788337883
‚ô≠II+,IV,2,5.2577617708141644e-05,0.8395118311543684
‚ô≠II+,v7,1,2.6288808854070822e-05,4.631457504372758
‚ô≠II7,I,1,2.6288808854070822e-05,0.7505484781011014
‚ô≠II7,I7,1,2.6288808854070822e-05,4.804300317212169
‚ô≠II7,V+,1,2.6288808854070822e-05,6.423216973600813
‚ô≠III,I,22,0.000578353794789558,-1.0233761234909193
‚ô≠III,IV,30,0.0007886642656221247,-0.4701071623065545
‚ô≠III,IV7,8,0.00021031047083256658,2.2877647433812967
‚ô≠III,V,19,0.0004994873682273456,-0.8543465122769731
‚ô≠III,V+,2,5.2577617708141644e-05,2.251397099210422
‚ô≠III,V7,2,5.2577617708141644e-05,-0.5241633934185169
‚ô≠III,VII,1,2.6288808854070822e-05,-3.1804516599621375
‚ô≠III,i,43,0.0011304187807250454,0.4162939007658947
‚ô≠III,ii,2,5.2577617708141644e-05,-1.7671286264543276
‚ô≠III,iv,10,0.0002628880885407082,0.34857909320990266
‚ô≠III,iv7,4,0.00010515523541628329,3.0446277383273497
‚ô≠III,v,14,0.0003680433239569915,0.8788015824486931
‚ô≠III,vii¬∞,2,5.2577617708141644e-05,3.6864816244997445
‚ô≠III,‚ô≠II,25,0.0006572202213517706,2.226936801640261
‚ô≠III,‚ô≠II7,1,2.6288808854070822e-05,3.5041600677057896
‚ô≠III,‚ô≠III,25,0.0006572202213517706,1.858068837623654
‚ô≠III,‚ô≠III9,1,2.6288808854070822e-05,4.602772356373899
‚ô≠III,‚ô≠V,3,7.886642656221247e-05,1.8727432485529143
‚ô≠III,‚ô≠VI,75,0.0019716606640553117,2.9262990426036404
‚ô≠III,‚ô≠VII,86,0.0022608375614500908,2.6420226934558118
‚ô≠III,‚ô≠VII6,8,0.00021031047083256658,4.284318625255365
‚ô≠III6,V+,1,2.6288808854070822e-05,5.912391349834822
‚ô≠III6,‚ô≠VI,4,0.00010515523541628329,4.349246721371567
‚ô≠III64,IV64,1,2.6288808854070822e-05,4.967929740993971
‚ô≠III64,‚ô≠VII,1,2.6288808854070822e-05,3.0526424521526407
‚ô≠III64,‚ô≠VII7,1,2.6288808854070822e-05,6.828682081708977
‚ô≠III7,IV,1,2.6288808854070822e-05,0.9936625109816266
‚ô≠III7,IV7,1,2.6288808854070822e-05,5.073290256651798
‚ô≠III7,‚ô≠VI7,1,2.6288808854070822e-05,7.270514833988017
‚ô≠III9,‚ô≠III,1,2.6288808854070822e-05,4.602772356373899
‚ô≠IIIM7,II7,3,7.886642656221247e-05,5.730069793040868
‚ô≠IIM7,I,2,5.2577617708141644e-05,-0.09674938228610228
‚ô≠IIM7,VI,3,7.886642656221247e-05,1.2111032295558373
‚ô≠IIM7,VII,1,2.6288808854070822e-05,0.14407035404105004
‚ô≠IIM7,ii,2,5.2577617708141644e-05,1.55739338754886
‚ô≠IIM7,‚ô≠VI,5,0.0001314440442703541,3.5427708555046182
‚ô≠IV,i,4,0.00010515523541628329,1.925525948130833
‚ô≠IV,‚ô≠VI,4,0.00010515523541628329,3.879243092125831
‚ô≠IV7,IVM7,3,7.886642656221247e-05,6.112004403738838
‚ô≠V,iv,12,0.0003154657062488499,2.6658385971332086
‚ô≠V,‚ô≠II,4,0.00010515523541628329,2.529293285021302
‚ô≠V,‚ô≠VI,5,0.0001314440442703541,2.3531867886307816
‚ô≠V,‚ô≠VII,1,2.6288808854070822e-05,0.3226133443316551
‚ô≠V,‚ô≠vii64,24,0.0006309314124976998,6.6576675958297145
‚ô≠VI,I,11,0.000289176897394779,-1.7469053877389877
‚ô≠VI,II,2,5.2577617708141644e-05,-1.724719047248159
‚ô≠VI,IV,1,2.6288808854070822e-05,-3.901686627656833
‚ô≠VI,V,14,0.0003680433239569915,-1.190110245516278
‚ô≠VI,V7,1,2.6288808854070822e-05,-1.2476926576665852
‚ô≠VI,VI,2,5.2577617708141644e-05,-2.549265976243638
‚ô≠VI,i,12,0.0003154657062488499,-0.8903816488277903
‚ô≠VI,iv,6,0.00015773285312442495,-0.19262861424421088
‚ô≠VI,vi,2,5.2577617708141644e-05,-2.4397250216206032
‚ô≠VI,vi7,2,5.2577617708141644e-05,-0.302807050515375
‚ô≠VI,‚ô≠II,95,0.002497436841136728,3.5315557846844783
‚ô≠VI,‚ô≠III,91,0.0023922816057204447,3.1196704355841804
‚ô≠VI,‚ô≠III64,1,2.6288808854070822e-05,3.4737779840176666
‚ô≠VI,‚ô≠IIM7,10,0.0002628880885407082,4.235918036064564
‚ô≠VI,‚ô≠V,34,0.0008938195010384079,4.270109400812843
‚ô≠VI,‚ô≠VI,32,0.0008412418833302663,2.044164748178934
‚ô≠VI,‚ô≠VI7,5,0.0001314440442703541,3.9846036077836575
‚ô≠VI,‚ô≠VII,66,0.0017350613843686742,2.3469480555406066
‚ô≠VI,‚ô≠vi,7,0.00018402166197849576,4.32107584440487
‚ô≠VI,‚ô≠vii,4,0.00010515523541628329,2.130043237316572
‚ô≠VI+,I,2,5.2577617708141644e-05,1.4436956586610468
‚ô≠VI+,v,1,2.6288808854070822e-05,3.104711307783771
‚ô≠VI7,I,2,5.2577617708141644e-05,0.34508336999293693
‚ô≠VI7,I7,1,2.6288808854070822e-05,3.705688028544059
‚ô≠VI7,II7,1,2.6288808854070822e-05,3.5328452157046484
‚ô≠VI7,‚ô≠II,5,0.0001314440442703541,4.383853655488387
‚ô≠VII,I,157,0.004127342990089119,0.49030961294592373
‚ô≠VII,I64,2,5.2577617708141644e-05,1.2068157616543098
‚ô≠VII,I7,12,0.0003154657062488499,1.9727222964966835
‚ô≠VII,II,1,2.6288808854070822e-05,-2.8390017596731307
‚ô≠VII,III7,1,2.6288808854070822e-05,0.05691017859864949
‚ô≠VII,IV,171,0.004495386314046111,0.8188413969808008
‚ô≠VII,IV6,30,0.0007886642656221247,2.6397972367468534
‚ô≠VII,IV7,2,5.2577617708141644e-05,0.4499527667082568
‚ô≠VII,IVM9,2,5.2577617708141644e-05,2.446506648582325
‚ô≠VII,V,19,0.0004994873682273456,-1.3058641278301222
‚ô≠VII,VI,10,0.0002628880885407082,-1.3609635956745638
‚ô≠VII,VII,7,0.00018402166197849576,-1.6860591264599734
‚ô≠VII,i,38,0.0009989747364546912,-0.15883767075443117
‚ô≠VII,i7,2,5.2577617708141644e-05,-0.39734509367894677
‚ô≠VII,ii,9,0.0002365992796866374,-0.7145688452312028
‚ô≠VII,v,11,0.000289176897394779,0.18612191007865564
‚ô≠VII,v7,3,7.886642656221247e-05,1.2608829829245858
‚ô≠VII,vi,22,0.000578353794789558,-0.4629652806872592
‚ô≠VII,‚ô≠II,2,5.2577617708141644e-05,-0.7503094582211436
‚ô≠VII,‚ô≠III,57,0.0014984621046820368,2.2307266650368542
‚ô≠VII,‚ô≠VI,19,0.0004994873682273456,1.1017322926806215
‚ô≠VII,‚ô≠VII,24,0.0006309314124976998,0.9142116119971004
‚ô≠VII,‚ô≠vii,1,2.6288808854070822e-05,0.3226133443316551
‚ô≠VII6,IV,2,5.2577617708141644e-05,0.3875267074113111
‚ô≠VII6,IV64,1,2.6288808854070822e-05,3.6686467568637102
‚ô≠VII6,i,1,2.6288808854070822e-05,0.22077785589240803
‚ô≠VII6,‚ô≠II,7,0.00018402166197849576,4.51965519664745
‚ô≠VII64,IV,28,0.000736086647913983,1.435495263260666
‚ô≠VII64,IVM9,9,0.0002365992796866374,6.37669695796592
‚ô≠VII64,ii,4,0.00010515523541628329,0.9006138511597895
‚ô≠VII64,ii7,1,2.6288808854070822e-05,1.0599147569633638
‚ô≠VII64,iii√∏7,4,0.00010515523541628329,6.577367653428071
‚ô≠VII64,‚ô≠VII,1,2.6288808854070822e-05,0.16227069425647594
‚ô≠VII64,‚ô≠VII64,6,0.00015773285312442495,4.380143076091852
‚ô≠VII7,I7,1,2.6288808854070822e-05,3.26385527626502
‚ô≠VII7,II64,1,2.6288808854070822e-05,6.135534901149032
‚ô≠VII7,IV,1,2.6288808854070822e-05,-0.5467825299655222
‚ô≠VII7,iv7,1,2.6288808854070822e-05,4.982855391210647
‚ô≠VII7,‚ô≠III,10,0.0002628880885407082,4.266300119752686
‚ô≠VIIM7,IV,1,2.6288808854070822e-05,0.9936625109816266
‚ô≠VIIM7,VI+,2,5.2577617708141644e-05,8.369127122656126
‚ô≠ii,VI,1,2.6288808854070822e-05,0.35365299770461567
‚ô≠ii,VI64,4,0.00010515523541628329,5.865871334199929
‚ô≠ii,‚ô≠III,1,2.6288808854070822e-05,2.204877083575529
‚ô≠ii,‚ô≠VI,5,0.0001314440442703541,3.7839329123215064
‚ô≠iii,‚ô≠VI,26,0.0006835090302058414,4.572390272685777
‚ô≠iii¬∞7,V64,4,0.00010515523541628329,7.675979942096181
‚ô≠ii¬∞,ii,1,2.6288808854070822e-05,3.5033035366041734
‚ô≠ii√∏7,I,3,7.886642656221247e-05,1.56147869431743
‚ô≠ii√∏7,‚ô≠VII,1,2.6288808854070822e-05,2.7649603797008595
‚ô≠iv,I,1,2.6288808854070822e-05,-0.7898965628460476
‚ô≠iv,IV,1,2.6288808854070822e-05,-0.5467825299655222
‚ô≠iv,IVM7,3,7.886642656221247e-05,4.571559362791689
‚ô≠iv,i,1,2.6288808854070822e-05,-0.02038420092448007
‚ô≠iv,ii,5,0.0001314440442703541,2.473684119423015
‚ô≠iv,vi,3,7.886642656221247e-05,1.3206441841788719
‚ô≠vi,IV7,1,2.6288808854070822e-05,3.9746779679836877
‚ô≠vi,VI,1,2.6288808854070822e-05,0.5543236931667667
‚ô≠vi,‚ô≠III,6,0.00015773285312442495,4.197307248265735
‚ô≠vi,‚ôØiv7,1,2.6288808854070822e-05,5.661076921553916
‚ô≠vii,II7,1,2.6288808854070822e-05,1.9014283965517726
‚ô≠vii,IV,4,0.00010515523541628329,-0.3500722357194682
‚ô≠vii,‚ô≠VI,33,0.0008675306921843371,4.240256437663161
‚ô≠vii,‚ô≠VII,1,2.6288808854070822e-05,0.3226133443316551
‚ô≠vii,‚ô≠iii,2,5.2577617708141644e-05,4.172760946041714
‚ô≠vii,‚ô≠vii√∏7,3,7.886642656221247e-05,6.737710303503251
‚ô≠vii,‚ôØIV,2,5.2577617708141644e-05,2.7487262569389763
‚ô≠vii64,iv,2,5.2577617708141644e-05,1.4446239863727666
‚ô≠vii64,‚ô≠iii,24,0.0006309314124976998,7.228212454297327
‚ô≠vii¬∞,VI,1,2.6288808854070822e-05,2.0584010899430405
‚ô≠vii¬∞,vi7,1,2.6288808854070822e-05,4.304860015671303
‚ô≠vii√∏7,‚ô≠II,1,2.6288808854070822e-05,3.873028031722397
‚ô≠vii√∏7,‚ô≠III,2,5.2577617708141644e-05,4.197307248265735
‚ô≠vi¬∞,I64,1,2.6288808854070822e-05,5.5424711791460695
‚ô≠vi¬∞,III7,2,5.2577617708141644e-05,5.778859957210299
‚ô≠vi¬∞,‚ôØiv√∏7,1,2.6288808854070822e-05,8.48691015831251
‚ôØI,I,6,0.00015773285312442495,-0.7779203717993318
‚ôØI,III,2,5.2577617708141644e-05,-0.8591841346412927
‚ôØI,V,1,2.6288808854070822e-05,-2.254046755621565
‚ôØI,i,1,2.6288808854070822e-05,-1.8001674791058195
‚ôØI,‚ôØI,3,7.886642656221247e-05,2.82728277306726
‚ôØI,‚ôØII,5,0.0001314440442703541,4.498852466608366
‚ôØI,‚ôØIV,46,0.0012092852072872577,5.294021261560623
‚ôØI,‚ôØV,7,0.00018402166197849576,3.5501264589810573
‚ôØI,‚ôØii,9,0.0002365992796866374,4.818375144915805
‚ôØI,‚ôØvi,3,7.886642656221247e-05,3.1352495166905463
‚ôØI+,IV64,2,5.2577617708141644e-05,6.066542029662081
‚ôØI7,iii,2,5.2577617708141644e-05,1.2062129629277685
‚ôØI7,‚ô≠VII7,1,2.6288808854070822e-05,4.430786808910607
‚ôØI7,‚ôØI7,5,0.0001314440442703541,5.182774489493486
‚ôØI7,‚ôØII7,2,5.2577617708141644e-05,7.069844138525865
‚ôØI7,‚ôØV7,3,7.886642656221247e-05,4.702720524394248
‚ôØI7,‚ôØVII64,7,0.00018402166197849576,6.9363127459013425
‚ôØI7,‚ôØi7,1,2.6288808854070822e-05,4.872619561189646
‚ôØI7,‚ôØiv,12,0.0003154657062488499,4.30772671615338
‚ôØII,i,6,0.00015773285312442495,1.1523360598973516
‚ôØII,v,18,0.0004731985593732748,3.8355988163265633
‚ôØII,‚ôØII,2,5.2577617708141644e-05,4.743305804509327
‚ôØII7,VII7,2,5.2577617708141644e-05,7.3882978696444
‚ôØIII,I,1,2.6288808854070822e-05,-0.7157885906923258
‚ôØIII,VII,1,2.6288808854070822e-05,0.21817832619477187
‚ôØIII,‚ôØIV,8,0.00021031047083256658,5.398712657086425
‚ôØIII,‚ôØVI,1,2.6288808854070822e-05,4.743305804509327
‚ôØIII,‚ôØiii,2,5.2577617708141644e-05,4.617012079185034
‚ôØIII+,iv,3,7.886642656221247e-05,4.009573343834304
‚ôØIM7,‚ôØi,1,2.6288808854070822e-05,5.535913778599911
‚ôØIV,I,1,2.6288808854070822e-05,-2.8329704603550088
‚ôØIV,III,49,0.0012881516338494703,2.0761983635817667
‚ôØIV,IV,2,5.2577617708141644e-05,-1.896709246914538
‚ôØIV,VII,1,2.6288808854070822e-05,-1.899003543467911
‚ôØIV,‚ô≠II,2,5.2577617708141644e-05,0.9826562738262322
‚ôØIV,‚ô≠VI,1,2.6288808854070822e-05,-0.10974095443844326
‚ôØIV,‚ôØI,9,0.0002365992796866374,3.6626044424077477
‚ôØIV,‚ôØIII,8,0.00021031047083256658,5.398712657086425
‚ôØIV,‚ôØV,4,0.00010515523541628329,2.7272200517180125
‚ôØIV,‚ôØVII,8,0.00021031047083256658,4.872619561189646
‚ôØIV,‚ôØVII9,2,5.2577617708141644e-05,5.884220472868126
‚ôØIV,‚ôØi,8,0.00021031047083256658,2.9332240931555265
‚ôØIV,‚ôØii,13,0.0003417545151029207,4.922809305713502
‚ôØIV+,‚ô≠VII64,4,0.00010515523541628329,6.577367653428071
‚ôØIV7,III,4,0.00010515523541628329,1.6137463240999919
‚ôØIV7,VII,5,0.0001314440442703541,1.7535082664751502
‚ôØIV7,‚ôØI7,3,7.886642656221247e-05,5.529399097578716
‚ôØIV7,‚ôØVII,2,5.2577617708141644e-05,5.529399097578716
‚ôØV,V,2,5.2577617708141644e-05,-1.6853537495350257
‚ôØV,‚ô≠vii,2,5.2577617708141644e-05,2.887562701793192
‚ôØV,‚ôØI,14,0.0003680433239569915,4.243273639541003
‚ôØV,‚ôØII,6,0.00015773285312442495,4.556719848928915
‚ôØV,‚ôØIM7,1,2.6288808854070822e-05,6.023056917722342
‚ôØV,‚ôØV,10,0.0002628880885407082,3.7823472284463837
‚ôØV,‚ôØVM7,1,2.6288808854070822e-05,2.467708856232928
‚ôØV,‚ôØiv,1,2.6288808854070822e-05,0.7760328455618558
‚ôØV,‚ôØvi,29,0.0007623754567680539,5.279478883535504
‚ôØV,ùÑ™VI,13,0.0003417545151029207,5.154019070698732
‚ôØV,ùÑ™iv,12,0.0003154657062488499,5.6175918096141775
‚ôØV7,VI,4,0.00010515523541628329,0.67210672882315
‚ôØV7,‚ôØIV7,3,7.886642656221247e-05,5.56017075624547
‚ôØV7,‚ôØVI7,4,0.00010515523541628329,5.653696814256294
‚ôØV7,‚ôØVII64,1,2.6288808854070822e-05,5.021174255512784
‚ôØV7,‚ôØi,19,0.0004994873682273456,5.014616854966624
‚ôØVI,II,6,0.00015773285312442495,2.1097581307050377
‚ôØVI,IV,1,2.6288808854070822e-05,-1.1658217383717457
‚ôØVI,IV64,5,0.0001314440442703541,4.417883404074699
‚ôØVI,VII,2,5.2577617708141644e-05,0.21817832619477187
‚ôØVI,i,1,2.6288808854070822e-05,-0.6394234093307037
‚ôØVI,ii,7,0.00018402166197849576,2.1911171476380047
‚ôØVI,‚ôØIII,1,2.6288808854070822e-05,4.743305804509327
‚ôØVI,‚ôØVI,3,7.886642656221247e-05,5.148770912617492
‚ôØVI7,III,4,0.00010515523541628329,1.4195903096590343
‚ôØVI7,IV6,1,2.6288808854070822e-05,2.820483470200078
‚ôØVI7,ii,8,0.00021031047083256658,2.7495317342277934
‚ôØVI7,‚ôØV7,4,0.00010515523541628329,5.653696814256294
‚ôØVII,VII,1,2.6288808854070822e-05,-0.3079147697020071
‚ôØVII,i,3,7.886642656221247e-05,0.6262429640005724
‚ôØVII,‚ôØIV7,2,5.2577617708141644e-05,5.529399097578716
‚ôØVII,‚ôØVII,1,2.6288808854070822e-05,4.384266793275714
‚ôØVII,‚ôØi,9,0.0002365992796866374,4.642095902577814
‚ôØVII,‚ôØiii,3,7.886642656221247e-05,4.49638409139642
‚ôØVII+,i,3,7.886642656221247e-05,2.6186731286907787
‚ôØVII64,‚ôØIV,8,0.00021031047083256658,5.884220472868126
‚ôØVII9,‚ôØIII,2,5.2577617708141644e-05,8.00140234253081
‚ôØVM7,V+,12,0.0003154657062488499,6.451387850567509
‚ôØVM7,VII9,1,2.6288808854070822e-05,4.446054281041395
‚ôØVM7,‚ôØVII,1,2.6288808854070822e-05,3.919961185144616
‚ôØVM7,‚ôØvii¬∞7,20,0.0005257761770814164,7.011003638502932
‚ôØVM7,‚ôØvi√∏7,1,2.6288808854070822e-05,3.1608560367928735
‚ôØi,II,1,2.6288808854070822e-05,-1.4543427218939706
‚ôØi,III,2,5.2577617708141644e-05,-1.4707814482371304
‚ôØi,V,2,5.2577617708141644e-05,-2.172496888657457
‚ôØi,VI,65,0.0017087725755146035,1.8954976190061879
‚ôØi,VII,44,0.001156707589579116,1.5368793961821343
‚ôØi,VII7,1,2.6288808854070822e-05,2.3578599482519644
‚ôØi,‚ô≠vi,1,2.6288808854070822e-05,3.3386892012636906
‚ôØi,‚ôØI7,7,0.00018402166197849576,3.9853163661887434
‚ôØi,‚ôØIV,5,0.0001314440442703541,2.463220463909791
‚ôØi,‚ôØIV7,4,0.00010515523541628329,4.283150810104543
‚ôØi,‚ôØV,1,2.6288808854070822e-05,0.9926189963299064
‚ôØi,‚ôØii,8,0.00021031047083256658,4.088994795663584
‚ôØi,‚ôØiv,5,0.0001314440442703541,1.8983276188735245
‚ôØi,‚ôØv,6,0.00015773285312442495,4.494459903771749
‚ôØi64,‚ôØiv7,3,7.886642656221247e-05,7.858301498890135
‚ôØi7,II,1,2.6288808854070822e-05,1.3788706221622455
‚ôØi7,VI,1,2.6288808854070822e-05,0.5543236931667667
‚ôØi7,‚ôØIV,6,0.00015773285312442495,5.478755364759961
‚ôØi7,‚ôØV7,1,2.6288808854070822e-05,4.9033912198564
‚ôØii,‚ôØV,26,0.0006835090302058414,5.754792931127662
‚ôØii,‚ôØi,2,5.2577617708141644e-05,2.702700434543694
‚ôØii,‚ôØi7,6,0.00015773285312442495,6.63452606726802
‚ôØiii,IV,1,2.6288808854070822e-05,-1.985262644255983
‚ôØiii,V,25,0.0006572202213517706,1.306132233137514
‚ôØiii,v6,5,0.0001314440442703541,5.053729730797303
‚ôØiii,‚ôØIV,23,0.0006046426036436289,4.942177244891556
‚ôØiii,‚ôØVII,4,0.00010515523541628329,4.784066163848201
‚ôØiii,‚ôØvi,1,2.6288808854070822e-05,2.377940391913315
‚ôØiii¬∞7,v¬∞7,3,7.886642656221247e-05,9.467739411324237
‚ôØii¬∞,V43,1,2.6288808854070822e-05,10.566351699992346
‚ôØiv,I,1,2.6288808854070822e-05,-3.397863305391275
‚ôØiv,II,51,0.001340729251557612,2.2608967600623044
‚ôØiv,III,56,0.001472173295827966,1.644836911170023
‚ôØiv,IIM7,3,7.886642656221247e-05,2.8344209780438594
‚ôØiv,IV,1,2.6288808854070822e-05,-3.1547492725107498
‚ôØiv,V,10,0.0002628880885407082,-0.7796451269914078
‚ôØiv,VI,4,0.00010515523541628329,-1.1091814405376095
‚ôØiv,VI6,2,5.2577617708141644e-05,2.793598983523604
‚ôØiv,VII,16,0.00042062094166513315,0.30869233373560373
‚ôØiv,VII7,4,0.00010515523541628329,3.5275681586038043
‚ôØiv,iii7,1,2.6288808854070822e-05,1.6304481737179233
‚ôØiv,vi,3,7.886642656221247e-05,-1.2873225583663557
‚ôØiv,vii,18,0.0004731985593732748,2.8160718393756627
‚ôØiv,‚ôØI7,12,0.0003154657062488499,4.30772671615338
‚ôØiv,‚ôØiv,1,2.6288808854070822e-05,0.07230355567137349
‚ôØiv,‚ôØv,4,0.00010515523541628329,3.8724086448955344
‚ôØiv7,IM7,1,2.6288808854070822e-05,3.380964684411929
‚ôØiv7,V,1,2.6288808854070822e-05,-0.5432563489271773
‚ôØiv7,VI,7,0.00018402166197849576,1.9894082184560895
‚ôØiv7,VI64,2,5.2577617708141644e-05,4.862569225336144
‚ôØiv7,vii,4,0.00010515523541628329,3.8509683136576647
‚ôØiv¬∞,V,3,7.886642656221247e-05,2.164793852175033
‚ôØiv¬∞7,v7,3,7.886642656221247e-05,6.577367653428071
‚ôØiv√∏7,I,1,2.6288808854070822e-05,1.1560135862092658
‚ôØiv√∏7,IV64,1,2.6288808854070822e-05,5.3733948491021355
‚ôØi¬∞7,IV64,1,2.6288808854070822e-05,3.9871004879822447
‚ôØi¬∞7,ii,7,0.00018402166197849576,3.3697721439796506
‚ôØv,VI,14,0.0003680433239569915,2.5573922560620286
‚ôØv,vii,2,5.2577617708141644e-05,3.032657990143713
‚ôØv,‚ôØi,1,2.6288808854070822e-05,2.702700434543694
‚ôØvi,I,2,5.2577617708141644e-05,-1.568565916844155
‚ôØvi,IV,13,0.0003417545151029207,0.5463502929379619
‚ôØvi,V,3,7.886642656221247e-05,-0.8474677233301688
‚ôØvi,VI+,4,0.00010515523541628329,6.05001272771087
‚ôØvi,VII,3,7.886642656221247e-05,-0.2291338918488928
‚ôØvi,ii,3,7.886642656221247e-05,0.49104196109897175
‚ôØvi,‚ôØV,6,0.00015773285312442495,3.7039425227770857
‚ôØvi,‚ôØii,3,7.886642656221247e-05,4.027729599870983
‚ôØvi,‚ôØiii,23,0.0006046426036436289,5.5134346078424645
‚ôØvi7,VII,1,2.6288808854070822e-05,2.0899805030963634
‚ôØvi7,‚ôØVM7,1,2.6288808854070822e-05,6.317856457942987
‚ôØvii7,‚ôØVM7,1,2.6288808854070822e-05,7.011003638502932
‚ôØvii¬∞7,i7,20,0.0005257761770814164,5.324604684932703
‚ôØvii√∏7,i7,3,7.886642656221247e-05,5.0369226124809225
‚ôØvii√∏7,‚ôØVM7,1,2.6288808854070822e-05,5.624709277383041
‚ôØvi¬∞,‚ôØiii,1,2.6288808854070822e-05,6.488814256086626
‚ôØvi√∏7,VIM7,32,0.0008412418833302663,5.481459635289597
‚ôØvi√∏7,i,1,2.6288808854070822e-05,-1.23147447301928
‚ôØvi√∏7,‚ôØV,1,2.6288808854070822e-05,2.1729093160122837
‚ôØvi√∏7,‚ôØVM7,12,0.0003154657062488499,5.645762686580873
‚ôØvi√∏7,‚ôØvi7,1,2.6288808854070822e-05,6.023056917722342
‚ôØv¬∞,I,1,2.6288808854070822e-05,-0.34806381056700836
‚ôØv¬∞,v7,1,2.6288808854070822e-05,4.380143076091852
‚ôØv¬∞,vi,7,0.00018402166197849576,2.6097747968451146
ùÑ™VI,i,2,5.2577617708141644e-05,-0.12216689523442244
ùÑ™VI,‚ôØII,13,0.0003417545151029207,6.439217314947254
ùÑ™VI,‚ôØV,6,0.00015773285312442495,4.380829182465251
ùÑ™VI,ùÑ™VI,3,7.886642656221247e-05,4.796989579690163
ùÑ™VI,ùÑ™iv,2,5.2577617708141644e-05,4.93513991817098
ùÑ™VI,ùÑ™vii,5,0.0001314440442703541,6.950042938713245
ùÑ™iv,‚ôØV,17,0.00044690975051920397,5.965898503882393
ùÑ™vii,‚ôØV,1,2.6288808854070822e-05,4.231297448494287
ùÑ™vii,ùÑ™iv,4,0.00010515523541628329,7.270514833988017
ùÑ™vii,ùÑ™vii,1,2.6288808854070822e-05,6.982832761536236
