Source,Target,sum_appearance,percent,log_ratio
I,I,514,0.02404565868263473,-0.1398300063687894
I,I64,16,0.0007485029940119761,1.0210948704087375
I,I7,19,0.0008888473053892215,0.37884533635778894
I,I9,4,0.00018712574850299402,1.8038542096583703
I,II,75,0.0035086077844311376,0.09547634936936596
I,II7,22,0.0010291916167664672,0.2505057638753133
I,III,30,0.001403443113772455,-0.7889098359860438
I,III7,11,0.0005145958083832336,0.5381878363270941
I,IM7,60,0.00280688622754491,1.7238115019848335
I,IV,753,0.03522642215568862,0.4332871260264378
I,IV6,1,4.6781437125748506e-05,-2.6149863981382278
I,IV64,9,0.00042103293413173654,0.7052419209902606
I,IV7,1,4.6781437125748506e-05,-1.8070637029858543
I,IVM43,4,0.00018712574850299402,1.5807106583441604
I,V,769,0.0359749251497006,0.5941759956648812
I,V6,91,0.0042571107784431135,1.3730712935659155
I,V64,11,0.0005145958083832336,1.311377724560576
I,V7,27,0.0012630988023952096,-0.26160109004672594
I,VI,24,0.001122754491017964,-1.077215155575481
I,VII,8,0.00037425149700598805,-1.3424509223749952
I,i,6,0.000280688622754491,-3.6994427375762053
I,ii,154,0.00720434131736527,0.31138797380977395
I,ii42,1,4.6781437125748506e-05,0.012094740430315084
I,ii7,58,0.0027133233532934133,0.6120237921581595
I,iii,97,0.004537799401197605,0.555519292678734
I,iii7,4,0.00018712574850299402,0.29977681288209623
I,iv,9,0.00042103293413173654,-1.7672422087991826
I,v,49,0.0022922904191616765,-0.02791059418338414
I,v7,9,0.00042103293413173654,0.5045712255281092
I,vi,399,0.01866579341317365,0.5680622207802625
I,vi7,34,0.001590568862275449,0.5344241886777903
I,vii,4,0.00018712574850299402,-0.9369858142668308
I,vii7,8,0.00037425149700598805,1.5807106583441604
I,‚ô≠II,7,0.0003274700598802395,-0.14205593939694333
I,‚ô≠II7,1,4.6781437125748506e-05,0.7052419209902604
I,‚ô≠III,20,0.0009356287425149701,-2.24182518058245
I,‚ô≠IV7,3,0.0001403443113772455,1.80385420965837
I,‚ô≠VI,18,0.0008420658682634731,-2.293264279446456
I,‚ô≠VII,187,0.00874812874251497,-0.3276824439048677
I,‚ô≠VII64,1,4.6781437125748506e-05,-1.5283503005168337
I,‚ô≠ii¬∞,1,4.6781437125748506e-05,1.8038542096583703
I,‚ô≠vi¬∞,2,9.356287425149701e-05,1.110707029098425
I,‚ôØI,3,0.0001403443113772455,-1.104866686905991
I42,IV,6,0.000280688622754491,1.9951293797088685
I43,‚ô≠vii,3,0.0001403443113772455,7.910320149460858
I6,I,7,0.0003274700598802395,-0.3445802035084175
I6,IV,11,0.0005145958083832336,0.29868009028513853
I6,i6,1,4.6781437125748506e-05,3.330467771457057
I6,ii,30,0.001403443113772455,2.767195672318524
I6,ii7,2,9.356287425149701e-05,1.3362908814319094
I6,vi,8,0.00037425149700598805,0.7501052648304588
I6,‚ôØii¬∞,1,4.6781437125748506e-05,5.895417128918594
I64,I,16,0.0007485029940119761,1.0210948704087375
I64,II6,1,4.6781437125748506e-05,3.9495069798632807
I64,II64,2,9.356287425149701e-05,6.028948521543117
I64,IV,5,0.00023390718562874252,0.04921923065355532
I64,V7,3,0.0001403443113772455,2.171733752609965
I64,‚ô≠VII64,6,0.000280688622754491,4.893968588704132
I64,‚ô≠vi¬∞,1,4.6781437125748506e-05,5.04811926853139
I64,‚ôØiv√∏7,1,4.6781437125748506e-05,5.741266449091335
I7,I7,5,0.00023390718562874252,2.860303898640752
I7,IV,63,0.0029472305389221555,1.7688162536333798
I7,IV64,1,4.6781437125748506e-05,2.324476972669344
I7,VI,6,0.000280688622754491,1.3529501123199312
I7,‚ô≠III,1,4.6781437125748506e-05,-1.4210978251211375
I7,‚ô≠VI7,1,4.6781437125748506e-05,3.5408722969938373
I9,IV,3,0.0001403443113772455,1.7074473072570877
II,I,84,0.003929640718562874,0.20880503467636918
II,II,37,0.0017309131736526946,1.54894765613429
II,II7,4,0.00018712574850299402,0.7057991792938981
II,III,26,0.0012163173652694611,1.228030828030293
II,IV,22,0.0010291916167664672,-0.9396941407581298
II,V,68,0.003181137724550898,0.32863423899235406
II,V64,3,0.0001403443113772455,2.172136248087325
II,VI,71,0.003321482035928144,2.167452398774899
II,VI6,1,4.6781437125748506e-05,1.6613106243213345
II,VII7,1,4.6781437125748506e-05,2.172136248087325
II,i,3,0.0001403443113772455,-2.2325484104791404
II,ii,14,0.000654940119760479,0.07353420866841341
II,iii,12,0.000561377245508982,0.6257564716203615
II,iii7,12,0.000561377245508982,3.5584306092072158
II,iv,3,0.0001403443113772455,-0.7058129898102824
II,vi,8,0.00037425149700598805,-1.1814161467727549
II,vii,15,0.0007017215568862275,2.5448115333724988
II,‚ô≠II,3,0.0001403443113772455,1.170687707872863
II,‚ô≠VI,1,4.6781437125748506e-05,-3.0235945296856106
II,‚ôØiv,22,0.0010291916167664672,2.1132957480643917
II42,‚ô≠iii¬∞7,1,4.6781437125748506e-05,8.603467330020804
II6,I,3,0.0001403443113772455,0.41755984853847944
II6,V,9,0.00042103293413173654,1.8473104351897809
II64,‚ô≠III64,1,4.6781437125748506e-05,6.493254129674215
II64,‚ôØIV7,1,4.6781437125748506e-05,6.493254129674215
II64,‚ôØi¬∞7,1,4.6781437125748506e-05,7.7925371138044754
II7,I,10,0.00046781437125748503,-0.537951596488957
II7,II7,6,0.000280688622754491,2.492739362086004
II7,IV,17,0.0007952844311377245,0.183951824623712
II7,IV7,1,4.6781437125748506e-05,1.7344528793550975
II7,V,47,0.0021987275449101796,1.3407492102102476
II7,V7,3,0.0001403443113772455,1.0826909149580064
II7,VII7,1,4.6781437125748506e-05,3.5536113227712667
II7,i,1,4.6781437125748506e-05,-1.9496856244633083
II7,ii,3,0.0001403443113772455,-0.08543575759479367
II7,v,3,0.0001403443113772455,0.7203979787150506
II7,v6,3,0.0001403443113772455,3.3994606429440086
II7,vi,4,0.00018712574850299402,-0.4930882526487586
II7,vi7,2,9.356287425149701e-05,1.2427274269625261
II7,‚ô≠II7,1,4.6781437125748506e-05,4.246758503331212
II9,IV,3,0.0001403443113772455,1.9951293797088685
III,I,2,9.356287425149701e-05,-3.496960037088254
III,II,22,0.0010291916167664672,1.0609767433671269
III,III,17,0.0007952844311377245,0.8350521805837723
III,III7,11,0.0005145958083832336,2.7301338905028496
III,IIIM7,6,0.000280688622754491,3.9958002638341252
III,IIM7,32,0.0014970059880239522,3.878017228177742
III,IV,61,0.0028536676646706586,0.11204181657561071
III,V,1,4.6781437125748506e-05,-3.858968919665007
III,VI,63,0.0029472305389221555,2.0798117946438612
III,VI6,6,0.000280688622754491,3.4849746400681347
III,VII,72,0.0033682634730538923,3.0467197091369793
III,iii,2,9.356287425149701e-05,-1.1340984510889478
III,v,4,0.00018712574850299402,-0.34149047699836466
III,vi,16,0.0007485029940119761,-0.4563644196940643
III,vi7,1,4.6781437125748506e-05,-0.7999902817626158
III,vii,1,4.6781437125748506e-05,-0.13133412121096624
III,‚ô≠III7,1,4.6781437125748506e-05,1.7985756864979061
III,‚ô≠VII,1,4.6781437125748506e-05,-3.366845006583699
III,‚ôØV7,14,0.000654940119760479,3.926807392347174
III,‚ôØi,6,0.000280688622754491,1.418111880595159
III,‚ôØiv,53,0.0024794161676646707,3.024449754776943
III,‚ôØiv7,1,4.6781437125748506e-05,2.386362351400025
III+,iv,3,0.0001403443113772455,4.221440695346923
III6,vi,1,4.6781437125748506e-05,2.7650082853727236
III7,IV,6,0.000280688622754491,0.12332720280727712
III7,VI,4,0.00018712574850299402,1.653371210549142
III7,vi,29,0.0013566616766467067,2.468742469229551
IIIM7,‚ôØiv,6,0.000280688622754491,5.04811926853139
IIM7,VI,36,0.0016841317365269462,3.930638495558898
IM7,I,6,0.000280688622754491,-0.5787735910092122
IM7,I7,4,0.00018712574850299402,2.8322209298979266
IM7,III,6,0.000280688622754491,1.6131724631665432
IM7,IV,31,0.0014502245508982035,1.2547293142983775
IM7,ii,11,0.0005145958083832336,1.6838508557812029
IM7,vi,6,0.000280688622754491,0.3823804847051414
IM7,vi7,1,4.6781437125748506e-05,1.0195838756483164
IV,I,1065,0.04982223053892216,0.7799519763700697
IV,I6,36,0.0016841317365269462,1.484303755942878
IV,I7,18,0.0008420658682634731,0.5160532851380119
IV,II,10,0.00046781437125748503,-1.7281515011224002
IV,II7,23,0.0010759730538922156,0.48623269649664574
IV,III,8,0.00037425149700598805,-1.9193905059178646
IV,IM7,3,0.0001403443113772455,-1.080645601518659
IV,IV,131,0.006128368263473054,-1.1243056085218057
IV,IV6,24,0.001122754491017964,0.7543426022602165
IV,IV7,20,0.0009356287425149701,1.3799437406186352
IV,IVM7,1,4.6781437125748506e-05,-2.099215182513232
IV,V,617,0.028864146706586827,0.5652292201151237
IV,V6,29,0.0013566616766467067,0.42078278708603833
IV,V7,25,0.0011695359281437125,-0.14728696113235576
IV,VI,10,0.00046781437125748503,-1.7614087228788824
IV,VI7,1,4.6781437125748506e-05,-1.337075130466335
IV,i,137,0.006409056886227545,-0.37994611092563657
IV,i7,15,0.0007017215568862275,-0.2666337187649219
IV,ii,89,0.004163547904191617,-0.045653088821216846
IV,ii7,37,0.0017309131736526946,0.35377386430646324
IV,iii,50,0.002339071856287425,0.08410648965399593
IV,iii¬∞,1,4.6781437125748506e-05,1.9951293797088687
IV,iv,52,0.0024326347305389222,0.17805210249652376
IV,iv7,1,4.6781437125748506e-05,-0.569819977752668
IV,iv¬∞,4,0.00018712574850299402,1.9951293797088687
IV,v,50,0.002339071856287425,0.18356728318463394
IV,vi,180,0.008420658682634731,-0.036667175168891925
IV,vi64,3,0.0001403443113772455,1.9951293797088685
IV,vi7,28,0.001309880239520958,0.5315433442873315
IV,‚ô≠III,46,0.002151946107784431,-1.217640887596847
IV,‚ô≠III6,3,0.0001403443113772455,1.0143001266971425
IV,‚ô≠VI,77,0.003602170658682635,-0.6485554454384381
IV,‚ô≠VI7,3,0.0001403443113772455,1.0143001266971425
IV,‚ô≠VII,134,0.006268712574850299,-0.4696760907580444
IV,‚ô≠VII64,5,0.00023390718562874252,0.2723627819677652
IV,‚ô≠iv,2,9.356287425149701e-05,0.04921923065355553
IV,‚ô≠vii,1,4.6781437125748506e-05,-0.08431216197096715
IV,‚ôØV,1,4.6781437125748506e-05,0.6088350185889781
IV,‚ôØV7,1,4.6781437125748506e-05,-0.7129208213933413
IV,‚ôØiv¬∞,3,0.0001403443113772455,1.9951293797088685
IV6,I,13,0.0006081586826347306,-0.050037040676691014
IV6,IV,1,4.6781437125748506e-05,-2.423711228087729
IV6,V,9,0.00042103293413173654,-0.08662352281881656
IV6,V65,4,0.00018712574850299402,5.0113052954086745
IV6,V7,1,4.6781437125748506e-05,0.2096289176346717
IV6,v,20,0.0009356287425149701,2.843068254945707
IV6,‚ô≠III,4,0.00018712574850299402,-0.08419621933082327
IV6,‚ô≠VI,3,0.0001403443113772455,-0.31795687498878433
IV6,‚ô≠VII,27,0.0012630988023952096,1.5041126789306012
IV6,‚ôØv¬∞,1,4.6781437125748506e-05,3.373696506007877
IV64,I,3,0.0001403443113772455,-0.3933703676778492
IV64,I6,1,4.6781437125748506e-05,2.599580262914265
IV64,I7,1,4.6781437125748506e-05,2.324476972669344
IV64,IV64,1,4.6781437125748506e-05,3.3980879591320368
IV64,V,3,0.0001403443113772455,-0.06223206969465761
IV64,V6,5,0.00023390718562874252,3.3617203149611616
IV64,ii,4,0.00018712574850299402,1.5508003479940309
IV64,vii√∏7,2,9.356287425149701e-05,6.693924825136365
IV64,‚ô≠VII,6,0.000280688622754491,1.123039023946596
IV7,II,2,9.356287425149701e-05,1.046124985231101
IV7,i,1,4.6781437125748506e-05,-0.9162126379661599
IV7,ii,2,9.356287425149701e-05,0.5425721207941903
IV7,iv7,2,9.356287425149701e-05,4.507041601594879
IV7,vi,3,0.0001403443113772455,0.2527026613966087
IV7,‚ô≠III,3,0.0001403443113772455,0.4360444033697692
IV7,‚ô≠VI,3,0.0001403443113772455,0.48996582016358914
IV7,‚ô≠VII,19,0.0008888473053892215,1.960637487245086
IV7,‚ô≠vi,2,9.356287425149701e-05,4.076258685502425
IVM43,I,4,0.00018712574850299402,1.5807106583441604
IVM43,ii7,1,4.6781437125748506e-05,3.1280503506599646
IVM7,I,36,0.0016841317365269462,1.2930285858923793
IVM7,IV,6,0.000280688622754491,-0.30745571328517707
IVM7,ii,1,4.6781437125748506e-05,-0.6340017093436314
IVM7,iii,10,0.00046781437125748503,2.3749563264296207
IVM7,‚ô≠VII,1,4.6781437125748506e-05,-1.4672281414992305
IVM7,‚ô≠iv,6,0.000280688622754491,5.04811926853139
V,I,934,0.0436938622754491,0.78856146438808
V,I6,9,0.00042103293413173654,0.23787252275568058
V,I64,3,0.0001403443113772455,-0.3217432651797423
V,I7,1,4.6781437125748506e-05,-2.23445534482546
V,II,99,0.004631362275449102,0.7042463839508373
V,II7,4,0.00018712574850299402,-1.1231040303799205
V,III,10,0.00046781437125748503,-1.5563838266709618
V,III6,1,4.6781437125748506e-05,2.134992507641562
V,III7,6,0.000280688622754491,0.2631903307399702
V,IM7,1,4.6781437125748506e-05,-2.039394762254075
V,IV,456,0.02133233532934132,0.26285300572412207
V,IV64,1,4.6781437125748506e-05,-1.1608443583627672
V,IVM7,12,0.000561377245508982,0.5255545952074613
V,V,91,0.0042571107784431135,-1.208917169340721
V,V7,35,0.0016373502994011975,0.32904840342155034
V,VI,27,0.0012630988023952096,-0.6282938219359058
V,i,152,0.007110778443113772,-0.13618338797479207
V,ii,103,0.004818488023952096,0.24030265760897238
V,ii7,12,0.000561377245508982,-0.6323742706170679
V,iii,31,0.0014502245508982035,-0.25406618335631076
V,iv7,9,0.00042103293413173654,1.7672677275162445
V,vi,438,0.020490269461077844,0.9924580122500369
V,vi42,2,9.356287425149701e-05,2.134992507641562
V,vi7,17,0.0007952844311377245,0.17241530610103678
V,vii,12,0.000561377245508982,0.4927647723844704
V,‚ô≠III,16,0.0007485029940119761,-2.1338304339134675
V,‚ô≠VI,31,0.0014502245508982035,-1.4185105348742826
V,‚ô≠VII,27,0.0012630988023952096,-1.9318158967719337
V,‚ô≠ii√∏7,1,4.6781437125748506e-05,0.7486981465216713
V,‚ô≠vii¬∞,1,4.6781437125748506e-05,1.4418453270816165
V,‚ôØIV,2,9.356287425149701e-05,-1.2323033223449122
V,‚ôØiv,2,9.356287425149701e-05,-2.1135027344077972
V,‚ôØv¬∞,7,0.0003274700598802395,1.8836780793606558
V+,I,4,0.00018712574850299402,1.3983891015502057
V+,V+,2,9.356287425149701e-05,7.09938993324453
V43,I,1,4.6781437125748506e-05,1.8038542096583703
V6,I,26,0.0012163173652694611,0.12030832507054762
V6,II,3,0.0001403443113772455,0.1208655833741854
V6,IV,27,0.0012630988023952096,0.34932382310389326
V6,IVM7,8,0.00037425149700598805,3.0332162479891256
V6,V,3,0.0001403443113772455,-1.7080376262996328
V6,i,4,0.00018712574850299402,-0.8606427868113493
V6,ii,2,9.356287425149701e-05,-0.7881523891708897
V6,vi,40,0.0018712574850299401,1.5122453168773555
V6,vi7,25,0.0011695359281437125,3.47120454780285
V64,II,1,4.6781437125748506e-05,1.0735239594192156
V64,V,3,0.0001403443113772455,0.34323303841350683
V64,ii,8,0.00037425149700598805,2.6494126366621407
V64,‚ô≠iii¬∞7,3,0.0001403443113772455,6.811707860792749
V64,‚ô≠ii√∏7,3,0.0001403443113772455,6.811707860792749
V65,I,4,0.00018712574850299402,1.2442384217229474
V65,II,2,9.356287425149701e-05,2.7111327488200123
V65,VI,1,4.6781437125748506e-05,1.9847283465035845
V7,I,95,0.004444236526946108,0.9964389355494858
V7,I64,1,4.6781437125748506e-05,1.0731214639418558
V7,I7,1,4.6781437125748506e-05,0.259021672964248
V7,II,2,9.356287425149701e-05,-0.7042492678340996
V7,IV,18,0.0008420658682634731,-0.4757910281043916
V7,IV6,3,0.0001403443113772455,1.3082412063027813
V7,IV7,4,0.00018712574850299402,2.4038459739069356
V7,V,10,0.00046781437125748503,-0.9237145650738176
V7,V+,2,9.356287425149701e-05,3.52985723676316
V7,V7,5,0.00023390718562874252,0.8766152721559448
V7,i,34,0.001590568862275449,0.8597736335848005
V7,ii,5,0.00023390718562874252,-0.2915114003968554
V7,ii7,6,0.000280688622754491,1.1679555666126946
V7,vi,3,0.0001403443113772455,-1.4976715916685919
V7,‚ô≠III,7,0.0003274700598802395,-0.467031989308228
V7,‚ô≠VI,2,9.356287425149701e-05,-1.6658735410097758
V7,‚ô≠VI64,3,0.0001403443113772455,2.0894956543729934
V7,‚ô≠VII,7,0.0003274700598802395,-0.7882655959312418
V7,‚ô≠vi¬∞,1,4.6781437125748506e-05,3.2421751643113788
V7,‚ôØI,1,4.6781437125748506e-05,0.6211363401987986
VI,I,7,0.0003274700598802395,-2.3093588368681135
VI,II,25,0.0011695359281437125,1.123648346601784
VI,III,103,0.004818488023952096,2.5714060564819645
VI,IV,14,0.000654940119760479,-1.4249364862576697
VI,IV64,5,0.00023390718562874252,2.244239541988669
VI,IVM7,2,9.356287425149701e-05,0.5294411138967425
VI,V,25,0.0011695359281437125,-0.7052548630720342
VI,VI,19,0.0008888473053892215,0.8159542791435414
VI,VI6,1,4.6781437125748506e-05,1.628053402564852
VI,VI7,3,0.0001403443113772455,1.6970462740518037
VI,VII,43,0.0020116017964071854,2.4660919375392587
VI,i,1,4.6781437125748506e-05,-3.3644179209037324
VI,ii,30,0.001403443113772455,0.8024170389588279
VI,vi,6,0.000280688622754491,-1.5023554409810183
VI,vii,19,0.0008888473053892215,2.7479430896802466
VI,vii7,2,9.356287425149701e-05,2.3212005831247975
VI,‚ô≠III,2,9.356287425149701e-05,-2.4176259876759674
VI,‚ô≠VII,3,0.0001403443113772455,-2.333394486190817
VI,‚ô≠vi,1,4.6781437125748506e-05,0.9349062220049069
VI,‚ô≠vii¬∞,1,4.6781437125748506e-05,3.2374913149989526
VI,‚ôØI,44,0.0020583832335329343,3.7074949442446883
VI,‚ôØIV7,4,0.00018712574850299402,2.919037583880418
VI,‚ôØV,1,4.6781437125748506e-05,2.544344134439007
VI,‚ôØi,8,0.00037425149700598805,1.6406321847717122
VI,‚ôØi64,2,9.356287425149701e-05,3.5251733874507334
VI,‚ôØiv,44,0.0020583832335329343,2.7731857068678547
VI,‚ôØv,7,0.0003274700598802395,3.2374913149989526
VI+,IV,2,9.356287425149701e-05,1.9951293797088687
VI6,II,10,0.00046781437125748503,3.9638957173153804
VI64,II,2,9.356287425149701e-05,3.9638957173153804
VI7,II,3,0.0001403443113772455,1.730303495808286
VI7,IV6,1,4.6781437125748506e-05,2.238716573168893
VI7,V7,1,4.6781437125748506e-05,1.2962650152560657
VI7,ii,19,0.0008888473053892215,3.072577321869706
VI7,‚ô≠III,4,0.00018712574850299402,1.0024398782905708
VII,I,7,0.0003274700598802395,-1.4759823149995182
VII,III,48,0.002245508982035928,2.6412546010288147
VII,V,1,4.6781437125748506e-05,-3.0907541660716396
VII,VI,63,0.0029472305389221555,2.848026548237229
VII,VII,1,4.6781437125748506e-05,-0.461731656285708
VII,i,3,0.0001403443113772455,-1.4324291103670272
VII,iii,3,0.0001403443113772455,0.03958141061258417
VII,vii¬∞,3,0.0001403443113772455,4.253189393661502
VII,‚ô≠III64,1,4.6781437125748506e-05,2.3661197446291227
VII,‚ô≠VII,3,0.0001403443113772455,-1.5000179643222216
VII,‚ôØI,1,4.6781437125748506e-05,0.7566818321950224
VII,‚ôØI7,2,9.356287425149701e-05,3.259937620651219
VII,‚ôØIV7,2,9.356287425149701e-05,3.059266925189068
VII,‚ôØi,46,0.002151946107784431,4.2232085614495665
VII+,i,3,0.0001403443113772455,2.694705274678064
VII7,III,1,4.6781437125748506e-05,2.2040407946060703
VII7,iii,2,9.356287425149701e-05,3.068103506989566
VII7,iii7,1,4.6781437125748506e-05,5.307630464016475
VII7,vi,1,4.6781437125748506e-05,0.9732488161446685
VII7,‚ôØI7,1,4.6781437125748506e-05,6.00077764457642
VII9,III,2,9.356287425149701e-05,3.9958002638341257
i,IV,68,0.003181137724550898,-1.080419331577655
i,IV6,4,0.00018712574850299402,-0.3378409719986429
i,IV7,7,0.0003274700598802395,1.029697511089153
i,V,65,0.003040793413173653,-0.9856766389254312
i,V65,3,0.0001403443113772455,1.8474074142908607
i,V7,16,0.0007485029940119761,0.10600183120842059
i,VII,2,9.356287425149701e-05,-1.8378942184751916
i,i,121,0.005660553892215569,0.19543940381217526
i,i6,6,0.000280688622754491,1.9215153864445824
i,i7,6,0.000280688622754491,-0.4833485556698813
i,ii,4,0.00018712574850299402,-2.44841920246427
i,iv,45,0.0021051646706586827,0.733046768654612
i,iv7,1,4.6781437125748506e-05,0.12975591721652768
i,v,81,0.0037892964071856287,1.3655693273981224
i,v7,12,0.000561377245508982,1.6831043629995843
i,‚ô≠II,2,9.356287425149701e-05,-0.5039678428726169
i,‚ô≠III,260,0.012163173652694611,1.2139752418987815
i,‚ô≠III7,3,0.0001403443113772455,1.5960929860099546
i,‚ô≠IIM7,1,4.6781437125748506e-05,0.05564794506280589
i,‚ô≠VI,385,0.018010853293413173,1.660458361964858
i,‚ô≠VI64,10,0.00046781437125748503,1.3597042079457242
i,‚ô≠VII,270,0.012630988023952096,0.9304819632586145
i,‚ô≠VII6,15,0.0007017215568862275,0.9960362285160214
i,‚ô≠VII65,7,0.0003274700598802395,2.694705274678064
i,‚ô≠VIM7,59,0.0027601047904191617,2.5978554486881467
i,‚ô≠vi,5,0.00023390718562874252,1.3084109135581738
i43,IV,1,4.6781437125748506e-05,1.9951293797088687
i6,II7,1,4.6781437125748506e-05,2.7804214345377853
i6,i,6,0.000280688622754491,1.9215153864445824
i6,‚ô≠VII,6,0.000280688622754491,1.8539265324893883
i7,IV,7,0.0003274700598802395,-1.0287737708118188
i7,i,5,0.00023390718562874252,-0.6656701124638359
i7,i7,10,0.00046781437125748503,2.352720184982739
i7,iv,4,0.00018712574850299402,0.6379217568908123
i7,iv64,6,0.000280688622754491,4.103657659690539
i7,v6,13,0.0006081586826347306,4.540375311302808
i7,‚ô≠III,51,0.002385853293413174,1.910362360494209
i7,‚ô≠VI,33,0.0015437874251497006,1.5289657060301836
i7,‚ô≠VII,13,0.0006081586826347306,0.22225247860840625
i9,‚ô≠VIIM9,18,0.0008420658682634731,7.09938993324453
ii,I,138,0.006455838323353293,0.20168905655334943
ii,I6,9,0.00042103293413173654,1.563222867992588
ii,I7,1,4.6781437125748506e-05,-0.9091049995885522
ii,II,5,0.00023390718562874252,-0.9560852085127448
ii,III,2,9.356287425149701e-05,-1.8404713938681545
ii,IV,187,0.00874812874251497,0.69681915830123
ii,IVM7,2,9.356287425149701e-05,0.05914547121631388
ii,V,115,0.005379865269461078,0.3505057977425867
ii,V7,31,0.0014502245508982035,1.5330378916541905
ii,VI,21,0.0009824101796407185,0.4457420950200955
ii,VI7,4,0.00018712574850299402,1.514432703823156
ii,ii,14,0.000654940119760479,-0.43001865576849724
ii,ii7,8,0.00037425149700598805,0.2875109665116754
ii,iii,31,0.0014502245508982035,1.0712841618805968
ii,iv,3,0.0001403443113772455,-1.2093658542471932
ii,v,19,0.0008888473053892215,0.6811967300925289
ii,vi,45,0.0021051646706586827,0.04225193688081819
ii,vi¬∞,1,4.6781437125748506e-05,3.4603428528784694
ii,‚ô≠II+,2,9.356287425149701e-05,2.2075798843831014
ii,‚ô≠III,2,9.356287425149701e-05,-2.887921630356396
ii,‚ô≠VI,2,9.356287425149701e-05,-2.834000213562576
ii,‚ô≠VII,32,0.0014970059880239522,-0.43656651473962854
ii,‚ô≠iv,3,0.0001403443113772455,1.9198978119313204
ii,‚ô≠vii,2,9.356287425149701e-05,2.0740484917585786
ii,‚ôØI+,2,9.356287425149701e-05,3.4603428528784694
ii,‚ôØi¬∞7,2,9.356287425149701e-05,3.0548777447703053
ii42,V,6,0.000280688622754491,2.1349925076415617
ii7,I,36,0.0016841317365269462,0.13509972006785007
ii7,I6,3,0.0001403443113772455,1.7417559895400736
ii7,I7,1,4.6781437125748506e-05,0.36804041062704324
ii7,IV,31,0.0014502245508982035,0.17684315614738494
ii7,IV64,4,0.00018712574850299402,2.8279457582096263
ii7,V,30,0.001403443113772455,0.28391646125708736
ii7,V7,17,0.0007952844311377245,2.209409441440856
ii7,VI7,6,0.000280688622754491,3.197043222146916
ii7,ii,2,9.356287425149701e-05,-1.0987833946082153
ii7,ii42,4,0.00018712574850299402,4.3320231549859
ii7,iii,22,0.0010291916167664672,2.005484820969362
ii7,iv,2,9.356287425149701e-05,-0.3376855521397621
ii7,vi,27,0.0012630988023952096,0.8085717233304227
ii7,‚ô≠II+,5,0.00023390718562874252,4.401016026472852
ii7,‚ô≠VII,1,4.6781437125748506e-05,-2.62515700732376
iii,I,28,0.001309880239520958,-0.6869871756494448
iii,II,14,0.000654940119760479,0.7799071514476199
iii,II6,1,4.6781437125748506e-05,1.6818091458696756
iii,II7,3,0.0001403443113772455,0.6209371851844128
iii,IV,92,0.004303892215568862,0.6938720612748902
iii,IVM7,5,0.00023390718562874252,1.6818091458696753
iii,V,50,0.002339071856287425,0.223969617586689
iii,V7,3,0.0001403443113772455,-0.09596408138363971
iii,VI,5,0.00023390718562874252,-0.2829694874900205
iii,VI7,2,9.356287425149701e-05,1.5276584660424173
iii,VII,4,0.00018712574850299402,0.3272634830643653
iii,ii,28,0.001309880239520958,0.9695014675706544
iii,ii7,35,0.0016373502994011975,2.4697904291004593
iii,iii,1,4.6781437125748506e-05,-1.656330099825343
iii,v6,5,0.00023390718562874252,2.731631270368353
iii,vi,56,0.002619760479041916,0.967314080624854
iii,‚ô≠VII,2,9.356287425149701e-05,-2.502782294200203
iii,‚ôØIV,1,4.6781437125748506e-05,0.10627278511125661
iii,‚ôØiv,1,4.6781437125748506e-05,-0.7749266269516285
iii7,I,11,0.0005145958083832336,1.311377724560576
iii7,IV,4,0.00018712574850299402,0.49105198293259467
iii7,V,2,9.356287425149701e-05,-0.062232069694657374
iii7,iii9,1,4.6781437125748506e-05,7.09938993324453
iii9,I,1,4.6781437125748506e-05,1.8038542096583703
iii¬∞,ii7,1,4.6781437125748506e-05,4.737488263094065
iii¬∞7,v¬∞7,3,0.0001403443113772455,8.891149402472585
iii√∏7,I7,3,0.0001403443113772455,5.332631766221892
iii√∏7,‚ô≠III,1,4.6781437125748506e-05,1.5620556662259935
iv,I,56,0.002619760479041916,0.06088490459974711
iv,IV,2,9.356287425149701e-05,-3.0800444355249583
iv,V,10,0.00046781437125748503,-1.3307433951581646
iv,i,84,0.003929640718562874,1.3572010777276058
iv,i6,6,0.000280688622754491,3.4482508071134403
iv,iii,2,9.356287425149701e-05,-0.908458019576151
iv,iv,6,0.000280688622754491,0.24487916878120522
iv,v,12,0.000561377245508982,0.9827622431825419
iv,v42,1,4.6781437125748506e-05,4.221440695346923
iv,v7,2,9.356287425149701e-05,1.4180803144403877
iv,vi,4,0.00018712574850299402,-1.6170183493011578
iv,‚ô≠II,6,0.000280688622754491,2.1213798664643506
iv,‚ô≠III,52,0.0024326347305389222,1.1312727501335391
iv,‚ô≠VI,36,0.0016841317365269462,0.8174693868020417
iv,‚ô≠VI7,3,0.0001403443113772455,3.2406114423351964
iv,‚ô≠VII,36,0.0016841317365269462,0.442314363385208
iv11,i,3,0.0001403443113772455,2.0015580941181192
iv11,iv11,2,9.356287425149701e-05,7.09938993324453
iv11,‚ô≠VII,1,4.6781437125748506e-05,0.8353569514948151
iv64,‚ô≠II,6,0.000280688622754491,5.1816506611559126
iv64,‚ô≠III,3,0.0001403443113772455,1.3389121149117835
iv64,‚ô≠VI6,6,0.000280688622754491,7.281711490038485
iv7,V,10,0.00046781437125748503,1.8726282431740706
iv7,‚ô≠III,1,4.6781437125748506e-05,0.38340066988434707
iv7,‚ô≠VII7,2,9.356287425149701e-05,5.633052864451103
iv¬∞,I6,1,4.6781437125748506e-05,4.509122767798703
iv¬∞,IV,2,9.356287425149701e-05,1.3019821991489235
iv¬∞,v7,1,4.6781437125748506e-05,5.106959768554324
v,I,9,0.00042103293413173654,-1.7225063149577913
v,I6,1,4.6781437125748506e-05,0.17183202696621314
v,I7,2,9.356287425149701e-05,0.5898759172812376
v,IV,31,0.0014502245508982035,-0.2944685177583658
v,IV7,2,9.356287425149701e-05,1.3484058571040347
v,IVM7,17,0.0007952844311377245,3.005045371022429
v,VI,4,0.00018712574850299402,-0.40665224527359234
v,VI7,3,0.0001403443113772455,2.0325843676812196
v,i,39,0.0018244760479041917,0.63468181885533
v,i7,14,0.000654940119760479,1.9354206192275718
v,ii,10,0.00046781437125748503,0.03934284392013418
v,iv,6,0.000280688622754491,0.28961506262259656
v,v,5,0.00023390718562874252,0.15202939967003332
v,‚ô≠III,59,0.0027601047904191617,1.3023023692992226
v,‚ô≠III7,4,0.00018712574850299402,3.455246372971985
v,‚ô≠VI,44,0.0020583832335329343,1.0628759761055844
v,‚ô≠VII,50,0.002339071856287425,0.8155543241986354
v,‚ôØIV+,4,0.00018712574850299402,4.266176589188314
v42,iv,1,4.6781437125748506e-05,4.221440695346923
v6,VI7,5,0.00023390718562874252,5.222472655676168
v6,‚ô≠III,11,0.0005145958083832336,2.3017228624208315
v6,‚ô≠IIIM7,3,0.0001403443113772455,6.945239253417271
v6,‚ô≠VI,2,9.356287425149701e-05,0.6508961869762262
v7,I,1,4.6781437125748506e-05,-1.6926533518081102
v7,I43,3,0.0001403443113772455,6.493254129674215
v7,IV,3,0.0001403443113772455,-0.402765893089502
v7,i,7,0.0003274700598802395,1.1441078622668974
v7,ii7,8,0.00037425149700598805,3.3204222433074206
v7,iv,1,4.6781437125748506e-05,0.7249331338804423
v7,‚ô≠III,2,9.356287425149701e-05,0.14498964643934903
v7,‚ô≠VII,1,4.6781437125748506e-05,-0.8693911407436101
v7,‚ô≠vii7,5,0.00023390718562874252,6.493254129674215
v7,‚ôØI,1,4.6781437125748506e-05,2.4859209444417436
vi,I,125,0.005847679640718563,-0.5925854588072997
vi,I42,6,0.000280688622754491,2.7650082853727236
vi,I64,11,0.0005145958083832336,1.6075554966816805
vi,I7,1,4.6781437125748506e-05,-1.604439567094298
vi,II,26,0.0012163173652694611,-0.0027611504311088136
vi,II42,1,4.6781437125748506e-05,2.7650082853727236
vi,II6,10,0.00046781437125748503,2.5826867285787687
vi,II7,21,0.0009824101796407185,1.1651398239547737
vi,III,39,0.0018244760479041917,0.43460850419580094
vi,IV,392,0.018338323353293412,0.7416378137313602
vi,IV64,1,4.6781437125748506e-05,-0.5308285806316052
vi,IVM7,6,0.000280688622754491,0.46242319237867785
vi,V,401,0.01875935628742515,0.90420052918016
vi,V6,8,0.00037425149700598805,-0.09719259555674482
vi,V7,1,4.6781437125748506e-05,-2.5962838803367014
vi,VI,6,0.000280688622754491,-1.5023554409810183
vi,ii,113,0.005286302395209581,0.9629772658228389
vi,ii7,14,0.000654940119760479,0.15179218694135235
vi,iii,72,0.0033682634730538923,1.2186285089057602
vi,v,5,0.00023390718562874252,-1.349138904145557
vi,v7,3,0.0001403443113772455,0.36711301257435297
vi,vi,62,0.002900449101796407,-0.33261073535015584
vi,vi7,4,0.00018712574850299402,-0.6444878991041268
vi,viM7,3,0.0001403443113772455,2.7650082853727236
vi,vii,1,4.6781437125748506e-05,-1.362126099672368
vi,‚ô≠V,1,4.6781437125748506e-05,0.28010163558472323
vi,‚ô≠VI+,4,0.00018712574850299402,2.7650082853727236
vi,‚ô≠VII,23,0.0010759730538922156,-1.4621427691159512
vi,‚ô≠VIIM7,1,4.6781437125748506e-05,1.1555703729386233
vi,‚ô≠iv,3,0.0001403443113772455,1.2245632444255747
vi,‚ôØIII,1,4.6781437125748506e-05,2.7650082853727236
vi,‚ôØiv,1,4.6781437125748506e-05,-2.1766341372365807
vi,‚ôØv¬∞,1,4.6781437125748506e-05,0.5677837080365042
vi42,V7,2,9.356287425149701e-05,4.62846952543127
vi64,ii7,3,0.0001403443113772455,4.737488263094065
vi7,I,1,4.6781437125748506e-05,-2.991936335938371
vi7,I64,2,9.356287425149701e-05,2.331770264614485
vi7,I7,1,4.6781437125748506e-05,0.8245232930769321
vi7,II,5,0.00023390718562874252,0.7775430841527393
vi7,II7,4,0.00018712574850299402,1.9358746075224713
vi7,II9,3,0.0001403443113772455,5.193971145543953
vi7,IV,46,0.002151946107784431,1.0279802306012227
vi7,V,49,0.0022922904191616765,1.2310222601554472
vi7,V6,3,0.0001403443113772455,1.3509410116027587
vi7,VI,1,4.6781437125748506e-05,-0.8651520500378432
vi7,ii,1,4.6781437125748506e-05,-1.3354476927182717
vi7,vi7,1,4.6781437125748506e-05,0.39818059994721244
vi7,vi9,3,0.0001403443113772455,5.193971145543953
vi7,‚ô≠VII,1,4.6781437125748506e-05,-2.168674124873871
vi9,IV,3,0.0001403443113772455,1.9951293797088685
viM7,vi7,3,0.0001403443113772455,5.193971145543953
vii,I,18,0.0008420658682634731,0.5670915825094432
vii,II,3,0.0001403443113772455,0.935373620938398
vii,III,3,0.0001403443113772455,0.9672781674571435
vii,V,32,0.0014970059880239522,1.4735940253961968
vii,VI,4,0.00018712574850299402,1.189798471633697
vii,‚ôØi,1,4.6781437125748506e-05,1.4931794536285814
vii,‚ôØiv,1,4.6781437125748506e-05,0.9209848834862987
vii7,III7,8,0.00037425149700598805,6.103056493696839
vii7,‚ôØi7,2,9.356287425149701e-05,6.300882237026759
vii¬∞,V7,2,9.356287425149701e-05,3.7121787935571144
vii¬∞,VII,3,0.0001403443113772455,4.253189393661502
vii√∏7,‚ô≠VIIM7,2,9.356287425149701e-05,8.380323778706595
vi¬∞,iii,1,4.6781437125748506e-05,4.166715795657676
v¬∞7,IV,3,0.0001403443113772455,1.9951293797088685
‚ô≠II,I,7,0.0003274700598802395,-0.14205593939694333
‚ô≠II,I7,1,4.6781437125748506e-05,1.7284935405630466
‚ô≠II,V,2,9.356287425149701e-05,-1.0636806099091196
‚ô≠II,i,5,0.00023390718562874252,0.4123228890015382
‚ô≠II,iv,2,9.356287425149701e-05,1.022767577796241
‚ô≠II,‚ô≠II,4,0.00018712574850299402,3.592415456039332
‚ô≠II,‚ô≠III,9,0.00042103293413173654,1.2537543065714767
‚ô≠II,‚ô≠VI,14,0.000654940119760479,1.7495084756443358
‚ô≠II,‚ô≠ii,5,0.00023390718562874252,6.097941393030068
‚ô≠II+,I,4,0.00018712574850299402,1.2442384217229474
‚ô≠II+,IV,2,9.356287425149701e-05,0.7423664112135009
‚ô≠II+,v7,1,4.6781437125748506e-05,4.547343980618901
‚ô≠II7,I,1,4.6781437125748506e-05,0.7052419209902604
‚ô≠II7,I7,1,4.6781437125748506e-05,4.521701550005564
‚ô≠II7,V+,1,4.6781437125748506e-05,7.09938993324453
‚ô≠III,I,22,0.0010291916167664672,-2.1465150007781246
‚ô≠III,II,7,0.0003274700598802395,-1.1316057974241174
‚ô≠III,II7,10,0.00046781437125748503,0.6065442211985568
‚ô≠III,IV,89,0.004163547904191617,-0.5576459143538021
‚ô≠III,V,27,0.0012630988023952096,-1.6105822901489197
‚ô≠III,V7,14,0.000654940119760479,0.2261151912517173
‚ô≠III,VI,1,4.6781437125748506e-05,-3.1107731682359128
‚ô≠III,VII,5,0.00023390718562874252,-0.667958733933217
‚ô≠III,VII+,3,0.0001403443113772455,2.948350027345884
‚ô≠III,i,158,0.007391467065868264,0.7158886439102207
‚ô≠III,i43,1,4.6781437125748506e-05,2.948350027345884
‚ô≠III,i7,26,0.0012163173652694611,1.2366332657913655
‚ô≠III,ii,3,0.0001403443113772455,-2.4824565222482318
‚ô≠III,iv,49,0.0022922904191616765,1.0718493296627383
‚ô≠III,iv11,1,4.6781437125748506e-05,1.156590558117829
‚ô≠III,v,21,0.0009824101796407185,0.2692873631169261
‚ô≠III,vii¬∞,2,9.356287425149701e-05,2.032059295471729
‚ô≠III,‚ô≠II,6,0.000280688622754491,0.8482891984633122
‚ô≠III,‚ô≠II7,1,4.6781437125748506e-05,1.8497377386777742
‚ô≠III,‚ô≠III,45,0.0021051646706586827,-0.2863991466786069
‚ô≠III,‚ô≠III64,1,4.6781437125748506e-05,0.5504547545475135
‚ô≠III,‚ô≠III9,1,4.6781437125748506e-05,2.948350027345884
‚ô≠III,‚ô≠IIM7,3,0.0001403443113772455,1.407904986398735
‚ô≠III,‚ô≠V,7,0.0003274700598802395,2.409353526613197
‚ô≠III,‚ô≠VI,129,0.006034805389221557,0.8206721847065653
‚ô≠III,‚ô≠VI64,7,0.0003274700598802395,1.2566740166748114
‚ô≠III,‚ô≠VII,425,0.019882110778443114,1.6377939258524763
‚ô≠III,‚ô≠VII6,52,0.0024326347305389222,2.4928744986630584
‚ô≠III,‚ô≠VIIM7,2,9.356287425149701e-05,2.032059295471729
‚ô≠III,‚ô≠VIM7,6,0.000280688622754491,0.5657222266783016
‚ô≠III,‚ô≠iii,4,0.00018712574850299402,2.948350027345884
‚ô≠III,‚ô≠vi,3,0.0001403443113772455,1.0512300424600027
‚ô≠III6,iv,5,0.00023390718562874252,3.751437066101187
‚ô≠III6,‚ô≠VI,3,0.0001403443113772455,2.021442191127978
‚ô≠III64,IV,1,4.6781437125748506e-05,-0.402765893089502
‚ô≠III64,IV64,1,4.6781437125748506e-05,4.296029552337995
‚ô≠III64,i,1,4.6781437125748506e-05,0.2968100018796938
‚ô≠III64,‚ô≠III,1,4.6781437125748506e-05,0.5504547545475135
‚ô≠III64,‚ô≠VI,4,0.00018712574850299402,1.990670532461224
‚ô≠III64,‚ô≠VII,1,4.6781437125748506e-05,0.22922114792449957
‚ô≠III64,‚ô≠VII7,1,4.6781437125748506e-05,5.106959768554324
‚ô≠III64,‚ô≠vii,1,4.6781437125748506e-05,5.512424876662488
‚ô≠III7,i,1,4.6781437125748506e-05,0.4974806973418451
‚ô≠III7,‚ô≠VI,7,0.0003274700598802395,2.750957015858798
‚ô≠III7,‚ô≠VI7,1,4.6781437125748506e-05,5.713095572124639
‚ô≠III9,‚ô≠III,1,4.6781437125748506e-05,2.948350027345884
‚ô≠IIIM7,II7,3,0.0001403443113772455,5.345370791999322
‚ô≠IIM7,I,2,9.356287425149701e-05,-0.1420559393969432
‚ô≠IIM7,ii,2,9.356287425149701e-05,1.514432703823156
‚ô≠IIM7,‚ô≠VI,8,0.00037425149700598805,2.4426556562042814
‚ô≠IIM7,‚ô≠VII,1,4.6781437125748506e-05,-0.011940908892388502
‚ô≠IV7,IVM7,3,0.0001403443113772455,5.895417128918594
‚ô≠V,iv,6,0.000280688622754491,3.528293514786977
‚ô≠V,‚ô≠VI,5,0.00023390718562874252,2.126802706785804
‚ô≠V,‚ô≠VII,1,4.6781437125748506e-05,0.14220977093486978
‚ô≠VI,I,8,0.00037425149700598805,-3.1041944956627847
‚ô≠VI,II,2,9.356287425149701e-05,-2.330447349125665
‚ô≠VI,III+,3,0.0001403443113772455,3.002271444139704
‚ô≠VI,IV,21,0.0009824101796407185,-1.9478384295686992
‚ô≠VI,V,86,0.004023203592814371,-0.3981504431059213
‚ô≠VI,V6,3,0.0001403443113772455,-0.8407586898014908
‚ô≠VI,V7,1,4.6781437125748506e-05,-2.359020721569721
‚ô≠VI,VI,1,4.6781437125748506e-05,-3.0568517514420925
‚ô≠VI,i,247,0.01155501497005988,1.216603364305051
‚ô≠VI,i7,28,0.001309880239520958,1.3646626547389071
‚ô≠VI,ii,1,4.6781437125748506e-05,-3.527147394122521
‚ô≠VI,iv,52,0.0024326347305389222,1.1851941669273591
‚ô≠VI,v,7,0.0003274700598802395,-0.7754035087573636
‚ô≠VI,v7,1,4.6781437125748506e-05,-0.49423611732677625
‚ô≠VI,vi,2,9.356287425149701e-05,-3.5293347810683215
‚ô≠VI,vi7,2,9.356287425149701e-05,-1.100371920897092
‚ô≠VI,‚ô≠II,13,0.0006081586826347306,1.6754005034906139
‚ô≠VI,‚ô≠III,312,0.014595808383233533,1.7038629681543755
‚ô≠VI,‚ô≠III6,5,0.00023390718562874252,2.5322678148939683
‚ô≠VI,‚ô≠III64,1,4.6781437125748506e-05,0.6043761713413334
‚ô≠VI,‚ô≠IIM7,10,0.00046781437125748503,2.665799207518491
‚ô≠VI,‚ô≠V,4,0.00018712574850299402,1.9036591554715943
‚ô≠VI,‚ô≠VI,34,0.001590568862275449,-0.4588582782451254
‚ô≠VI,‚ô≠VII,209,0.009777320359281437,0.9819604256866904
‚ô≠VI,‚ô≠VII6,3,0.0001403443113772455,-0.3058355144564395
‚ô≠VI,‚ô≠VII64,11,0.0005145958083832336,2.0679622067628705
‚ô≠VI,‚ô≠VII7,5,0.00023390718562874252,2.126802706785804
‚ô≠VI,‚ô≠vi,8,0.00037425149700598805,2.085980712265549
‚ô≠VI,‚ô≠vii√∏7,2,9.356287425149701e-05,3.002271444139704
‚ô≠VI+,I,4,0.00018712574850299402,1.8038542096583703
‚ô≠VI6,V,6,0.000280688622754491,2.1349925076415617
‚ô≠VI64,V7,4,0.00018712574850299402,2.3771777268247742
‚ô≠VI64,i,8,0.00037425149700598805,1.1365606566315145
‚ô≠VI64,iv64,6,0.000280688622754491,5.435884799540154
‚ô≠VI64,‚ô≠III,4,0.00018712574850299402,0.6970582287393888
‚ô≠VI64,‚ô≠VI64,3,0.0001403443113772455,3.813201660356033
‚ô≠VI64,‚ô≠VII6,12,0.000561377245508982,4.430362933938056
‚ô≠VI7,I,2,9.356287425149701e-05,0.4175598485384796
‚ô≠VI7,I7,1,4.6781437125748506e-05,3.5408722969938373
‚ô≠VI7,II7,1,4.6781437125748506e-05,3.265929250319486
‚ô≠VI7,IV,2,9.356287425149701e-05,0.6088350185889781
‚ô≠VI7,i,1,4.6781437125748506e-05,0.6152637329982286
‚ô≠VI7,‚ô≠VII,1,4.6781437125748506e-05,0.5476748790430342
‚ô≠VII,I,167,0.0078125,-0.4407972483426993
‚ô≠VII,I7,15,0.0007017215568862275,0.9657187693580588
‚ô≠VII,II,1,4.6781437125748506e-05,-3.3987495531024443
‚ô≠VII,II7,1,4.6781437125748506e-05,-2.0172744784185026
‚ô≠VII,III7,1,4.6781437125748506e-05,-1.0364452254067764
‚ô≠VII,IV,326,0.015250748502994012,0.41938149065775193
‚ô≠VII,IV6,50,0.002339071856287425,2.120298818354418
‚ô≠VII,IV7,2,9.356287425149701e-05,-0.29065431136140907
‚ô≠VII,V,22,0.0010291916167664672,-2.136610309417947
‚ô≠VII,V6,1,4.6781437125748506e-05,-2.3145260018864344
‚ô≠VII,V7,6,0.000280688622754491,-0.9424162757585
‚ô≠VII,VI,8,0.00037425149700598805,-1.3525652331790907
‚ô≠VII,VI7,4,0.00018712574850299402,0.6812062716675568
‚ô≠VII,VII,2,9.356287425149701e-05,-1.905483072430386
‚ô≠VII,i,322,0.015063622754491019,1.1066115498046483
‚ô≠VII,i7,26,0.0012163173652694611,0.9153996591683515
‚ô≠VII,i9,3,0.0001403443113772455,0.8353569514948151
‚ô≠VII,ii,15,0.0007017215568862275,-1.194252216437145
‚ô≠VII,ii7,3,0.0001403443113772455,-1.5265447186556502
‚ô≠VII,iv,64,0.0029940119760479044,1.0176785082887698
‚ô≠VII,iv11,3,0.0001403443113772455,1.9339692401629247
‚ô≠VII,v,29,0.0013566616766467067,0.27082714875696345
‚ô≠VII,vi,18,0.0008420658682634731,-1.7072652271489361
‚ô≠VII,‚ô≠II,2,9.356287425149701e-05,-0.5715566968278114
‚ô≠VII,‚ô≠III,163,0.007625374251497006,0.6794549577348217
‚ô≠VII,‚ô≠III64,3,0.0001403443113772455,1.3278334365926092
‚ô≠VII,‚ô≠III7,1,4.6781437125748506e-05,0.4298918433866507
‚ô≠VII,‚ô≠VI,233,0.010900074850299401,1.09066462728758
‚ô≠VII,‚ô≠VII,61,0.0028536676646706586,-0.6246549855216433
‚ô≠VII,‚ô≠vii,1,4.6781437125748506e-05,0.5476748790430342
‚ô≠VII,‚ôØiv¬∞7,3,0.0001403443113772455,2.62711642072287
‚ô≠VII,ùÑ´VII,4,0.00018712574850299402,2.6271164207228703
‚ô≠VII6,V7,10,0.00046781437125748503,2.524335371161062
‚ô≠VII6,i,45,0.0021051646706586827,2.094648517184131
‚ô≠VII6,i7,8,0.00037425149700598805,2.692670685980277
‚ô≠VII6,iv64,3,0.0001403443113772455,3.973604531442341
‚ô≠VII6,‚ô≠VI,3,0.0001403443113772455,-0.3058355144564395
‚ô≠VII6,‚ô≠VI64,11,0.0005145958083832336,4.343351556948426
‚ô≠VII6,‚ô≠VII,1,4.6781437125748506e-05,-1.779602826541383
‚ô≠VII64,IV,3,0.0001403443113772455,-0.23846284179822555
‚ô≠VII64,i,3,0.0001403443113772455,0.46111305317097007
‚ô≠VII64,i7,7,0.0003274700598802395,3.6336540304448035
‚ô≠VII64,ii,4,0.00018712574850299402,1.514432703823156
‚ô≠VII64,ii7,1,4.6781437125748506e-05,1.4052837529188609
‚ô≠VII64,iii√∏7,4,0.00018712574850299402,6.657557180965491
‚ô≠VII64,‚ô≠III,2,9.356287425149701e-05,0.3092926977306254
‚ô≠VII64,‚ô≠VI,1,4.6781437125748506e-05,-0.32993306603549993
‚ô≠VII64,‚ô≠VII,2,9.356287425149701e-05,-0.011940908892388502
‚ô≠VII64,‚ô≠VII64,1,4.6781437125748506e-05,3.325352670790287
‚ô≠VII65,i,3,0.0001403443113772455,1.8474074142908607
‚ô≠VII65,‚ô≠III,4,0.00018712574850299402,2.388734239410461
‚ô≠VII7,I7,3,0.0001403443113772455,4.234019477553782
‚ô≠VII7,II64,1,4.6781437125748506e-05,6.406242752684585
‚ô≠VII7,V7,4,0.00018712574850299402,3.52985723676316
‚ô≠VII7,‚ô≠III,3,0.0001403443113772455,1.5620556662259932
‚ô≠VII7,‚ô≠III64,1,4.6781437125748506e-05,5.106959768554324
‚ô≠VIIM7,IV,1,4.6781437125748506e-05,0.3856914672747684
‚ô≠VIIM7,VI+,2,9.356287425149701e-05,8.380323778706595
‚ô≠VIIM7,i,1,4.6781437125748506e-05,1.0852673622439641
‚ô≠VIIM7,‚ô≠III,1,4.6781437125748506e-05,1.3389121149117835
‚ô≠VIIM9,i,2,9.356287425149701e-05,0.4974806973418451
‚ô≠VIIM9,i9,15,0.0007017215568862275,6.917068376450575
‚ô≠VIM7,i,16,0.0007485029940119761,1.2929067270222085
‚ô≠VIM7,iv,6,0.000280688622754491,1.83881289467934
‚ô≠VIM7,‚ô≠III,43,0.0020116017964071854,2.535162873143809
‚ô≠ii,‚ô≠VI,1,4.6781437125748506e-05,1.3928335317056035
‚ô≠ii,‚ô≠VI64,4,0.00018712574850299402,6.129031980100099
‚ô≠iii,‚ô≠VII,4,0.00018712574850299402,2.6271164207228703
‚ô≠iii¬∞7,V64,4,0.00018712574850299402,7.09938993324453
‚ô≠ii¬∞,ii,1,4.6781437125748506e-05,3.4603428528784694
‚ô≠ii√∏7,I,3,0.0001403443113772455,1.5161721372065893
‚ô≠ii√∏7,‚ô≠VII,1,4.6781437125748506e-05,1.2408220596029795
‚ô≠iv,I,1,4.6781437125748506e-05,-0.8352031199568886
‚ô≠iv,IV,1,4.6781437125748506e-05,-0.6439279499063898
‚ô≠iv,IVM7,3,0.0001403443113772455,4.354972087971445
‚ô≠iv,i,1,4.6781437125748506e-05,0.05564794506280589
‚ô≠iv,ii,5,0.00023390718562874252,2.430723435697311
‚ô≠iv,vi,3,0.0001403443113772455,1.2245632444255747
‚ô≠vi,VI,1,4.6781437125748506e-05,0.9349062220049069
‚ô≠vi,‚ô≠III,5,0.00023390718562874252,1.5620556662259935
‚ô≠vi,‚ô≠III64,3,0.0001403443113772455,5.694746433456443
‚ô≠vi,‚ô≠VI,1,4.6781437125748506e-05,0.006539170585713001
‚ô≠vi,‚ô≠VII,8,0.00037425149700598805,1.7108256888487152
‚ô≠vi,‚ô≠VII7,1,4.6781437125748506e-05,4.509122767798703
‚ô≠vi,‚ôØiv7,1,4.6781437125748506e-05,5.384591505152604
‚ô≠vii,II7,1,4.6781437125748506e-05,3.265929250319486
‚ô≠vii,IV,2,9.356287425149701e-05,0.6088350185889781
‚ô≠vii,‚ô≠VII,1,4.6781437125748506e-05,0.5476748790430342
‚ô≠vii,‚ô≠vii6,3,0.0001403443113772455,7.910320149460858
‚ô≠vii6,iii¬∞7,3,0.0001403443113772455,8.891149402472585
‚ô≠vii7,I,1,4.6781437125748506e-05,0.19441629722426979
‚ô≠vii7,IV,2,9.356287425149701e-05,1.0788386478347136
‚ô≠vii7,ii7,2,9.356287425149701e-05,3.82119753121991
‚ô≠vii¬∞,VI,1,4.6781437125748506e-05,3.2374913149989526
‚ô≠vii¬∞,vi7,1,4.6781437125748506e-05,4.500823964984008
‚ô≠vii√∏7,‚ô≠VII7,2,9.356287425149701e-05,7.504855041352695
‚ô≠vi¬∞,I64,1,4.6781437125748506e-05,5.04811926853139
‚ô≠vi¬∞,III7,2,9.356287425149701e-05,5.633052864451103
‚ô≠vi¬∞,‚ôØiv√∏7,1,4.6781437125748506e-05,7.910320149460858
‚ôØI,I,6,0.000280688622754491,-0.4117195063460458
‚ôØI,‚ôØI,3,0.0001403443113772455,3.0737076093438622
‚ôØI,‚ôØIV,45,0.0021051646706586827,5.728647985132124
‚ôØI,‚ôØV,1,4.6781437125748506e-05,4.5961341447883335
‚ôØI+,IV64,2,9.356287425149701e-05,6.693924825136365
‚ôØI7,iii,1,4.6781437125748506e-05,1.9694912183214566
‚ôØI7,‚ô≠VII7,1,4.6781437125748506e-05,5.307630464016475
‚ôØI7,‚ôØII7,1,4.6781437125748506e-05,7.7925371138044754
‚ôØI7,‚ôØiv,6,0.000280688622754491,4.642654160423226
‚ôØII7,VII7,1,4.6781437125748506e-05,8.19800222191264
‚ôØIII,I,1,4.6781437125748506e-05,1.8038542096583703
‚ôØIV,I,1,4.6781437125748506e-05,-2.2565888008880495
‚ôØIV,III,44,0.0020583832335329343,3.719546887205967
‚ôØIV,IV,2,9.356287425149701e-05,-1.3721664502776052
‚ôØIV,VII,9,0.00042103293413173654,2.9007965842172934
‚ôØIV,VII9,2,9.356287425149701e-05,5.9293186805942755
‚ôØIV+,‚ô≠VII64,4,0.00018712574850299402,6.657557180965491
‚ôØIV7,III,4,0.00018712574850299402,2.9841993521556454
‚ôØIV7,VII,7,0.0003274700598802395,4.312029893684436
‚ôØV,‚ôØI,1,4.6781437125748506e-05,4.5961341447883335
‚ôØV,‚ôØV,1,4.6781437125748506e-05,7.217172968900914
‚ôØV,‚ôØiv,1,4.6781437125748506e-05,3.6618249074114995
‚ôØV7,‚ôØi,15,0.0007017215568862275,5.620313838673673
‚ôØi,II,1,4.6781437125748506e-05,-0.40555213515164146
‚ôØi,V,1,4.6781437125748506e-05,-2.23445534482546
‚ôØi,VI,30,0.001403443113772455,2.9623880247540315
‚ôØi,VII,23,0.0010759730538922156,3.5300613808896215
‚ôØi,VII7,1,4.6781437125748506e-05,3.828554369445618
‚ôØi,‚ô≠vi,1,4.6781437125748506e-05,2.624581565119682
‚ôØi,‚ôØIV,3,0.0001403443113772455,2.6584831167953635
‚ôØi,‚ôØIV7,4,0.00018712574850299402,4.608712926995193
‚ôØi,‚ôØii,8,0.00037425149700598805,5.620313838673673
‚ôØi,‚ôØiv,1,4.6781437125748506e-05,0.6786714160643688
‚ôØi,‚ôØv,6,0.000280688622754491,4.77301597828647
‚ôØi64,‚ôØiv7,3,0.0001403443113772455,8.380323778706595
‚ôØi7,II,1,4.6781437125748506e-05,1.8844541756355442
‚ôØi7,VI,1,4.6781437125748506e-05,1.851196953879062
‚ôØi7,‚ôØIV,6,0.000280688622754491,5.641636608142495
‚ôØii,‚ôØi,2,9.356287425149701e-05,4.234019477553782
‚ôØii,‚ôØi7,6,0.000280688622754491,7.622638077009078
‚ôØii¬∞,V43,1,4.6781437125748506e-05,9.989761691140695
‚ôØiv,II,51,0.002385853293413174,2.954078927430402
‚ôØiv,III,53,0.0024794161676646707,3.024449754776943
‚ôØiv,IIM7,3,0.0001403443113772455,2.56321261874339
‚ôØiv,V,1,4.6781437125748506e-05,-2.8066499149677426
‚ôØiv,VI,3,0.0001403443113772455,0.08760836161770318
‚ôØiv,VI6,2,9.356287425149701e-05,3.4386813560972898
‚ôØiv,VII,6,0.000280688622754491,1.6141320640462438
‚ôØiv,VII7,2,9.356287425149701e-05,3.9495069798632807
‚ôØiv,iii7,1,4.6781437125748506e-05,2.1577475106352257
‚ôØiv,vii,8,0.00037425149700598805,3.000426425166135
‚ôØiv,‚ôØI7,6,0.000280688622754491,4.642654160423226
‚ôØiv,‚ôØiv,1,4.6781437125748506e-05,0.10647684592208587
‚ôØiv,‚ôØv,1,4.6781437125748506e-05,2.409061938916132
‚ôØiv7,IM7,1,4.6781437125748506e-05,4.205936508810957
‚ôØiv7,VI,2,9.356287425149701e-05,3.014347763684743
‚ôØiv7,VI64,2,9.356287425149701e-05,8.380323778706595
‚ôØiv¬∞,V,3,0.0001403443113772455,2.1349925076415617
‚ôØiv¬∞7,v7,3,0.0001403443113772455,6.493254129674215
‚ôØiv√∏7,I,1,4.6781437125748506e-05,1.110707029098425
‚ôØiv√∏7,IV64,1,4.6781437125748506e-05,6.00077764457642
‚ôØi¬∞7,IV64,1,4.6781437125748506e-05,5.595312536468256
‚ôØi¬∞7,ii,2,9.356287425149701e-05,3.0548777447703053
‚ôØv,VI,12,0.000561377245508982,3.7764878157316395
‚ôØv,vii,1,4.6781437125748506e-05,3.2235699764803445
‚ôØv,‚ôØi,1,4.6781437125748506e-05,2.9812565090584147
‚ôØv¬∞,I,1,4.6781437125748506e-05,-0.39337036767784905
‚ôØv¬∞,v7,1,4.6781437125748506e-05,4.296029552337995
‚ôØv¬∞,vi,7,0.0003274700598802395,2.5136938570918175
ùÑ´VII,‚ô≠VII,4,0.00018712574850299402,2.6271164207228703
